global_uid,global_aqi_snapshot,global_snapshot_utc,station_idx,station_name,station_url,lat,lon,aqi,dominentpol,pm25,pm10,o3,no2,so2,co,t,h,p,w,dew,rain,uv,station_time,station_tz,station_unix,ingested_at_utc
13647,59.0,2025-11-24 20:43:16,2616,"Sri Aman, Sarawak, Malaysia",https://aqicn.org/city/malaysia/sarawak/sri-aman,1.219656,111.464792,19,,,,,,,,23.0,100.0,1009.0,0.5,23.0,,,2025-11-28 20:00:00,+08:00,1764360000,2025-11-28 12:20:20
13650,19.0,2025-11-24 20:43:16,1663,"South, Singapore",https://aqicn.org/city/singapore/south,1.296183,103.846181,25,pm25,25.0,17.0,9.0,,3.0,4.0,26.0,88.3,1010.0,2.0,24.0,,,2025-11-28 20:00:00,+08:00,1764360000,2025-11-28 12:20:22
13841,31.0,2025-11-24 20:43:16,2606,"Tawau, Sabah, Malaysia",https://aqicn.org/city/malaysia/sabah/tawau,4.249786,117.935864,41,,,,,,,,27.0,88.0,1007.0,0.5,25.0,,,2025-11-28 19:00:00,+08:00,1764356400,2025-11-28 12:20:22
13653,67.0,2025-11-24 20:43:16,2616,"Sri Aman, Sarawak, Malaysia",https://aqicn.org/city/malaysia/sarawak/sri-aman,1.219656,111.464792,19,,,,,,,,23.0,100.0,1009.0,0.5,23.0,,,2025-11-28 20:00:00,+08:00,1764360000,2025-11-28 12:20:22
10490,45.0,2025-11-24 20:43:16,2616,"Sri Aman, Sarawak, Malaysia",https://aqicn.org/city/malaysia/sarawak/sri-aman,1.219656,111.464792,19,,,,,,,,23.0,100.0,1009.0,0.5,23.0,,,2025-11-28 20:00:00,+08:00,1764360000,2025-11-28 12:20:23
11755,,2025-11-24 20:43:16,2589,"Port Dickson, Negeri Sembilan, Malaysia",https://aqicn.org/city/malaysia/negeri-sembilan/port-dickson,2.441383,101.866858,37,,,,,,,,25.0,78.0,1009.0,2.8,21.0,,,2025-11-28 20:00:00,+08:00,1764360000,2025-11-28 12:20:23
13644,59.0,2025-11-24 20:43:16,1663,"South, Singapore",https://aqicn.org/city/singapore/south,1.296183,103.846181,25,pm25,25.0,17.0,9.0,,3.0,4.0,26.0,88.3,1010.0,2.0,24.0,,,2025-11-28 20:00:00,+08:00,1764360000,2025-11-28 12:20:23
14903,79.0,2025-11-24 20:43:16,1663,"South, Singapore",https://aqicn.org/city/singapore/south,1.296183,103.846181,25,pm25,25.0,17.0,9.0,,3.0,4.0,26.0,88.3,1010.0,2.0,24.0,,,2025-11-28 20:00:00,+08:00,1764360000,2025-11-28 12:20:23
13655,56.0,2025-11-24 20:43:16,2613,"Samarahan, Sarawak, Malaysia",https://aqicn.org/city/malaysia/sarawak/samarahan,1.454853,110.491505,21,,,,,,,,24.0,100.0,1009.5,1.5,24.0,,,2025-11-28 20:00:00,+08:00,1764360000,2025-11-28 12:20:24
13651,89.0,2025-11-24 20:43:16,2616,"Sri Aman, Sarawak, Malaysia",https://aqicn.org/city/malaysia/sarawak/sri-aman,1.219656,111.464792,19,,,,,,,,23.0,100.0,1009.0,0.5,23.0,,,2025-11-28 20:00:00,+08:00,1764360000,2025-11-28 12:20:24
8294,25.0,2025-11-24 20:43:16,9495,"Pengerang, Johor, Malaysia",https://aqicn.org/city/malaysia/johor/pengerang,1.389489,104.149586,38,,,,,,,,27.0,83.0,1009.0,2.0,24.0,,,2025-11-28 19:00:00,+08:00,1764356400,2025-11-28 12:20:24
13645,23.0,2025-11-24 20:43:16,2609,"Kapit, Sarawak, Malaysia",https://aqicn.org/city/malaysia/sarawak/kapit,2.014498,112.92736,28,,,,,,,,,,,,,,,2025-11-28 20:00:00,+08:00,1764360000,2025-11-28 12:20:25
8342,27.0,2025-11-24 20:43:16,2616,"Sri Aman, Sarawak, Malaysia",https://aqicn.org/city/malaysia/sarawak/sri-aman,1.219656,111.464792,19,,,,,,,,23.0,100.0,1009.0,0.5,23.0,,,2025-11-28 20:00:00,+08:00,1764360000,2025-11-28 12:20:26
8292,14.0,2025-11-24 20:43:16,2616,"Sri Aman, Sarawak, Malaysia",https://aqicn.org/city/malaysia/sarawak/sri-aman,1.219656,111.464792,19,,,,,,,,23.0,100.0,1009.0,0.5,23.0,,,2025-11-28 20:00:00,+08:00,1764360000,2025-11-28 12:20:26
8289,85.0,2025-11-24 20:43:16,1663,"South, Singapore",https://aqicn.org/city/singapore/south,1.296183,103.846181,25,pm25,25.0,17.0,9.0,,3.0,4.0,26.0,88.3,1010.0,2.0,24.0,,,2025-11-28 20:00:00,+08:00,1764360000,2025-11-28 12:20:27
9587,,2025-11-24 20:43:16,9587,"Chiangrai - Gaia Station 07, Thailand",https://aqicn.org/city/thailand/chiangrai---gaia-station-07,19.858547,99.90148,65,pm25,65.0,20.0,,,,,19.0,45.0,1015.0,1.5,7.0,,,2025-11-28 19:00:00,+07:00,1764356400,2025-11-28 12:20:28
8293,90.0,2025-11-24 20:43:16,2606,"Tawau, Sabah, Malaysia",https://aqicn.org/city/malaysia/sabah/tawau,4.249786,117.935864,41,,,,,,,,27.0,88.0,1007.0,0.5,25.0,,,2025-11-28 19:00:00,+08:00,1764356400,2025-11-28 12:20:28
1828,60.0,2025-11-24 20:43:16,1828,"Natural Resources and Environment Office, Chiangrai, Thailand (สำนักงานทรัพยากรธรรมชาติและสิ่งแวดล้อมจังหวัดเชียงราย)",https://aqicn.org/city/thailand/chiangrai/natural-resources-and-environment-office,19.909217,99.823467,61,pm25,61.0,25.0,12.7,0.6,,0.1,22.2,39.0,979.8,1.0,,,,2025-11-28 18:00:00,+07:00,1764352800,2025-11-28 12:20:28
1827,,2025-11-24 20:43:16,1827,"Municipal Health Center 1, Phuket, Thailand (ศูนย์บริการสาธารณสุข 1 กองการแพทย์ เทศบาลนครภูเก็ต)",https://aqicn.org/city/thailand/phuket/municipal-health-center-1,7.884488,98.391283,54,pm25,54.0,25.0,,5.8,0.6,,28.0,69.0,1008.0,2.0,22.0,,,2025-11-28 17:00:00,+07:00,1764349200,2025-11-28 12:20:28
1823,66.0,2025-11-24 20:43:16,1823,"Lampang Meteorological Station, Thailand (สถานีอุตุนิยมวิทยาลำปาง)",https://aqicn.org/city/thailand/lampang-meteorological-station,18.2783333,99.5064666,63,pm25,63.0,75.0,11.5,1.8,0.6,0.1,17.0,83.3,1010.6,0.5,,,,2025-11-28 18:00:00,+07:00,1764352800,2025-11-28 12:20:28
13654,,2025-11-24 20:43:16,6442,Winnellie,https://aqicn.org/city/australia/northen/winnellie,-12.424323299931126,130.89335024356842,25,pm25,25.0,9.0,3.2,0.7,1.1,2.6,29.1,83.5,1004.2,6.79,25.9,12.8,,2025-11-28 21:00:00,+09:30,1764363600,2025-11-28 12:20:29
8646,25.0,2025-11-24 20:43:16,1827,"Municipal Health Center 1, Phuket, Thailand (ศูนย์บริการสาธารณสุข 1 กองการแพทย์ เทศบาลนครภูเก็ต)",https://aqicn.org/city/thailand/phuket/municipal-health-center-1,7.884488,98.391283,54,pm25,54.0,25.0,,5.8,0.6,,28.0,69.0,1008.0,2.0,22.0,,,2025-11-28 17:00:00,+07:00,1764349200,2025-11-28 12:20:29
13628,62.0,2025-11-24 20:43:16,13628,"Polytechnic College, Trang, Thailand (วิทยาลัยสารพัดช่างตรัง)",https://aqicn.org/city/thailand/trang/polytechnic-college,7.570238,99.588743,35,pm25,35.0,13.0,,1.2,,0.1,25.0,69.0,1011.0,3.6,19.0,,,2025-11-28 19:00:00,+07:00,1764356400,2025-11-28 12:20:29
1868,79.0,2025-11-24 20:43:16,1868,"Provincial Administrative Stadium, Lamphun, Thailand (สนามกีฬาองค์การบริหารส่วนจังหวัดลำพูน)",https://aqicn.org/city/thailand/lamphun/provincial-administrative-stadium,18.567194,99.038639,84,pm25,84.0,82.0,14.6,7.5,0.6,,21.0,43.0,1014.0,1.5,8.0,,,2025-11-28 18:00:00,+07:00,1764352800,2025-11-28 12:20:29
8287,31.0,2025-11-24 20:43:16,2597,"Seri Manjung, Perak, Malaysia",https://aqicn.org/city/malaysia/perak/seri-manjung,4.200344,100.663358,49,,,,,,,,24.0,94.0,1009.0,1.0,23.0,,,2025-11-28 20:00:00,+08:00,1764360000,2025-11-28 12:20:30
6818,87.0,2025-11-24 20:43:16,6818,"Regional Environmental Office 8, Thailand (สำนักงานสิ่งแวดล้อมภาคที่ 8 ราชบุรี)",https://aqicn.org/city/thailand/regional-environmental-office-8,13.5234,99.814082,66,pm25,66.0,25.0,13.4,2.9,0.6,0.1,24.0,35.0,1012.0,3.6,8.0,,,2025-11-28 18:00:00,+07:00,1764352800,2025-11-28 12:20:30
1829,14.0,2025-11-24 20:43:16,1829,"Natural Resources and Environment Office, Mae Hongson, Thailand (สำนักงานทรัพยากรธรรมชาติและสิ่งแวดล้อมจังหวัดแม่ฮ่องสอน)",https://aqicn.org/city/thailand/mae-hongson/natural-resources-and-environment-office,19.30455,97.97165,29,pm25,29.0,19.0,4.8,3.5,,0.1,20.0,67.1,982.3,1.0,13.7,,,2025-11-28 19:00:00,+07:00,1764356400,2025-11-28 12:20:30
2583,22.0,2025-11-24 20:43:16,2583,"Langkawi, Kedah, Malaysia",https://aqicn.org/city/malaysia/kedah/langkawi,6.331539,99.85846,61,,,,,,,,27.0,78.0,1009.0,1.0,23.0,,,2025-11-28 19:00:00,+08:00,1764356400,2025-11-28 12:20:30
1826,,2025-11-24 20:43:16,1826,"Regional Environmental Office 14, Surat Thani, Thailand (สำนักงานสิ่งแวดล้อมภาคที่ 14)",https://aqicn.org/city/thailand/surat-thani/regional-environmental-office-14,9.126017,99.325145,53,pm25,53.0,48.0,4.4,,0.6,0.1,26.1,46.6,1011.7,2.0,,,,2025-11-28 17:00:00,+07:00,1764349200,2025-11-28 12:20:31
8325,43.0,2025-11-24 20:43:16,8325,"Health Promotion Hospital Ta See, Lampang, Thailand (โรงพยาบาลส่งเสริมสุขภาพตำบลบ้านท่าสี ลำปาง)",https://aqicn.org/city/thailand/lampang/health-promotion-hospital-ta-see,18.4267833,99.7576333,62,pm25,62.0,66.0,0.8,1.2,0.6,0.1,17.0,83.3,1010.6,0.5,,,,2025-11-28 18:00:00,+07:00,1764352800,2025-11-28 12:20:31
8324,63.0,2025-11-24 20:43:16,8324,"Health Promotion Hospital Sob Pad, Lampang, Thailand (โรงพยาบาลส่งเสริมสุขภาพตำบลบ้านสบป้าด ลำปาง)",https://aqicn.org/city/thailand/lampang/health-promotion-hospital-sob-pad,18.2508166,99.76395,63,pm25,63.0,11.0,15.4,1.2,0.6,0.1,17.0,83.3,1010.6,0.5,,,,2025-11-28 18:00:00,+07:00,1764352800,2025-11-28 12:20:31
1831,70.0,2025-11-24 20:43:16,1831,"Knowledge Park, Phayao, Thailand (อุทยานการเรียนรู้กว๊านพะเยา)",https://aqicn.org/city/thailand/phayao/knowledge-park,19.200226,99.893048,69,pm25,69.0,77.0,13.1,6.4,,0.1,22.2,39.0,979.8,1.0,,,,2025-11-28 18:00:00,+07:00,1764352800,2025-11-28 12:20:32
13576,,2025-11-24 20:43:16,13576,"Prachuap Khiri Khan - Gaia Station 10, Thailand",https://aqicn.org/city/thailand/prachuap-khiri-khan/gaia-10,11.80027,99.790596,72,pm25,72.0,23.5,,,,,26.0,36.3,1008.4,4.6,9.9,,,2025-11-28 19:00:00,+07:00,1764356400,2025-11-28 12:20:32
10481,79.0,2025-11-24 20:43:16,10481,"Pak Prak, Kanchanaburi, Kanchanaburi, Thailand (ต.ปากแพรก อ.เมือง จ.กาญจนบุรี)",https://aqicn.org/city/thailand/kanchanaburi/kanchanaburi/pak-prak,14.022376,99.536195,80,pm25,80.0,47.0,6.7,,,0.1,25.8,14.3,1008.1,0.5,-3.4,,,2025-11-28 18:00:00,+07:00,1764352800,2025-11-28 12:20:33
9013,65.0,2025-11-24 20:43:16,9013,"Mae Pa,Mae Sot,Tak, Thailand (ต.แม่ปะ อ.แม่สอด จ.ตาก)",https://aqicn.org/city/thailand/tak/mae-sot/mae-pa,16.734413,98.566961,52,pm25,52.0,79.0,4.8,12.1,,0.1,23.0,43.0,1012.0,3.0,10.0,,,2025-11-28 18:00:00,+07:00,1764352800,2025-11-28 12:20:33
13629,,2025-11-24 20:43:16,13629,"Elderly Health Rehabilitation Center, Thailand (ศูนย์ฟื้นฟูสุขภาพผู้สูงอายุ)",https://aqicn.org/city/thailand/elderly-health-rehabilitation-center,8.426923,99.961469,53,pm25,53.0,26.0,,15.0,,0.1,26.7,68.8,1008.2,1.0,20.5,99.9,,2025-11-28 17:00:00,+07:00,1764349200,2025-11-28 12:20:34
5191,55.0,2025-11-24 20:43:16,5191,Wuzhishan (五指山),https://aqicn.org/city/wuzhishan,18.775147,109.516925,63,pm25,63.0,56.0,43.9,6.9,4.1,3.9,22.0,43.0,1014.0,0.5,,,,2025-11-28 19:00:00,+08:00,1764356400,2025-11-28 12:20:35
2597,27.0,2025-11-24 20:43:16,2597,"Seri Manjung, Perak, Malaysia",https://aqicn.org/city/malaysia/perak/seri-manjung,4.200344,100.663358,49,,,,,,,,24.0,94.0,1009.0,1.0,23.0,,,2025-11-28 20:00:00,+08:00,1764360000,2025-11-28 12:20:35
2600,26.0,2025-11-24 20:43:16,2600,"Perai, Pulau Pinang, Malaysia",https://aqicn.org/city/malaysia/pulau-pinang/perai,5.329358,100.443475,54,,,,,,,,24.0,83.0,1009.0,3.6,21.0,,,2025-11-28 20:00:00,+08:00,1764360000,2025-11-28 12:20:36
2625,31.0,2025-11-24 20:43:16,2625,"Batu Muda,Kuala Lumpur, Wilayah Persekutuan, Malaysia",https://aqicn.org/city/malaysia/wilayah-persekutuan/batu-muda-kuala-lumpur,3.212439,101.682228,28,,,,,,,,24.0,94.0,1010.0,3.0,23.0,,,2025-11-28 20:00:00,+08:00,1764360000,2025-11-28 12:20:36
1822,55.0,2025-11-24 20:43:16,1822,"Yupparaj Wittayalai School, Chiangmai, Thailand (โรงเรียนยุพราชวิทยาลัย)",https://aqicn.org/city/thailand/chiangmai/yupparaj-wittayalai-school,18.7909333,98.99,26,pm25,26.0,82.0,14.6,7.5,0.6,,21.0,43.0,1014.0,1.5,8.0,,,2025-11-28 18:00:00,+07:00,1764352800,2025-11-28 12:20:36
13648,27.0,2025-11-24 20:43:16,2613,"Samarahan, Sarawak, Malaysia",https://aqicn.org/city/malaysia/sarawak/samarahan,1.454853,110.491505,21,,,,,,,,24.0,100.0,1009.5,1.5,24.0,,,2025-11-28 20:00:00,+08:00,1764360000,2025-11-28 12:20:36
2607,54.0,2025-11-24 20:43:16,2607,"Bintulu, Sarawak, Malaysia",https://aqicn.org/city/malaysia/sarawak/bintulu,3.177084,113.041091,53,,,,,,,,26.0,94.0,1008.0,0.5,25.0,,,2025-11-28 20:00:00,+08:00,1764360000,2025-11-28 12:20:37
1852,,2025-11-24 20:43:16,10482,"Phiman, Satun, Satun, Thailand (ต.พิมาน อ.เมือง จ.สตูล)",https://aqicn.org/city/thailand/satun/satun/phiman,6.624747,100.066159,53,pm25,53.0,21.0,6.4,1.8,0.6,0.1,27.0,69.0,1008.0,3.6,21.0,,,2025-11-28 17:00:00,+07:00,1764349200,2025-11-28 12:20:37
13630,116.0,2025-11-24 20:43:16,13630,"Meteorological stations, Nakhon Phanom, Thailand (สถานีอุตุนิยมวิทยานครพนม)",https://aqicn.org/city/thailand/nakhon-phanom/meteorological-stations,17.412345,104.7786123,81,pm25,81.0,57.0,16.6,17.9,8.0,0.1,21.3,17.2,995.2,0.5,-4.6,,,2025-11-28 19:00:00,+07:00,1764356400,2025-11-28 12:20:37
5193,114.0,2025-11-24 20:43:16,5193,Qionghai (琼海),https://aqicn.org/city/qionghai,19.258404,110.47465,91,pm25,91.0,59.0,57.1,5.5,3.1,3.4,20.0,56.0,1016.0,3.6,,,,2025-11-28 19:00:00,+08:00,1764356400,2025-11-28 12:20:37
12797,111.0,2025-11-24 20:43:16,12797,"Nai Mueang,Mueang,Ubon Ratchathani , Thailand (ต.ในเมือง อ.เมือง จ.อุบลราชธานี)",https://aqicn.org/city/thailand/ubon-ratchathani/mueang/nai-mueang,15.245413,104.846219,78,pm25,78.0,61.0,9.5,4.1,0.6,0.1,22.0,60.0,1012.0,2.0,14.0,,,2025-11-28 18:00:00,+07:00,1764352800,2025-11-28 12:20:37
12760,16.0,2025-11-24 20:43:16,12760,"Betong, Thailand (ต.เบตง อ.เบตง จ.ยะลา)",https://aqicn.org/city/thailand/betong,5.763873,101.067903,31,pm25,31.0,,,,,,24.0,83.0,1009.0,3.6,21.0,,,2025-11-28 18:00:00,+07:00,1764352800,2025-11-28 12:20:38
13632,,2025-11-24 20:43:16,5107,"Government Center, Rayong, Thailand (ศูนย์ราชการระยอง)",https://aqicn.org/city/thailand/rayong/government-center,12.7066,101.18055,58,pm25,58.0,38.0,7.5,11.0,2.2,0.1,24.0,57.0,1011.0,2.5,15.0,,,2025-11-28 18:00:00,+07:00,1764352800,2025-11-28 12:20:39
1854,,2025-11-24 20:43:16,1854,"Municipal Waste Water Pumping Station, Nakhon Ratchasima, Thailand (สถานีสูบน้ำเสีย เทศบาลนครราชสีมา)",https://aqicn.org/city/thailand/nakhon-ratchasima/municipal-waste-water-pumping-station,14.979537,102.098335,65,pm25,65.0,,,13.3,,,26.2,32.0,989.3,3.0,8.2,,,2025-11-28 17:00:00,+07:00,1764349200,2025-11-28 12:20:39
8322,70.0,2025-11-24 20:43:16,8322,"Health Promotion Hospital Ban Khao Hin,Chonburi, Thailand (โรงพยาบาลส่งเสริมสุขภาพตำบลบ้านเขาหิน ชลบุรี)",https://aqicn.org/city/thailand/chonburi/health-promotion-hospital-ban-khao-hin,13.054551,101.098128,75,pm25,75.0,51.0,5.6,7.5,0.6,,24.0,57.0,1011.0,2.5,15.0,,,2025-11-28 18:00:00,+07:00,1764352800,2025-11-28 12:20:39
2618,13.0,2025-11-24 20:43:16,2618,"Kuala Selangor, Selangor, Malaysia",https://aqicn.org/city/malaysia/selangor/kuala-selangor,3.321308,101.256242,25,,,,,,,,23.3,97.0,1009.8,0.3,,,,2025-11-28 20:00:00,+08:00,1764360000,2025-11-28 12:20:40
8288,112.0,2025-11-24 20:43:16,2586,"Bandaraya Melaka, Melaka, Malaysia",https://aqicn.org/city/malaysia/melaka/bandaraya-melaka,2.190936,102.257058,26,,,,,,,,25.0,95.0,1011.2,0.5,,,,2025-11-28 20:00:00,+08:00,1764360000,2025-11-28 12:20:40
8115,12.0,2025-11-24 20:43:16,8115,"Brunei Muara, Brunei",https://aqicn.org/city/brunei/brunei-muara,4.9311206,114.9516869,7,,,,,,,,27.0,88.0,1007.0,2.3,25.0,,,2025-11-28 16:00:00,+08:00,1764345600,2025-11-28 12:20:41
12796,142.0,2025-11-24 20:43:16,12796,"Lat Yai,Mueang,Samut Songkhram, Thailand (ต.ลาดใหญ่ อ.เมือง จ.สมุทรสงคราม)",https://aqicn.org/city/thailand/samut-songkhram/mueang/lat-yai,13.428581,100.024664,153,pm25,153.0,72.0,12.3,4.1,0.6,0.1,23.0,40.0,1013.0,3.0,9.0,,,2025-11-28 19:00:00,+07:00,1764356400,2025-11-28 12:20:41
1666,30.0,2025-11-24 20:43:16,1666,"Central, Singapore",https://aqicn.org/city/singapore/central,1.3666667,103.8,53,pm25,53.0,18.0,15.0,,2.0,7.0,26.0,88.0,1009.0,3.0,24.0,,,2025-11-28 20:00:00,+08:00,1764360000,2025-11-28 12:20:41
2590,34.0,2025-11-24 20:43:16,2590,"Seremban, Negeri Sembilan, Malaysia",https://aqicn.org/city/malaysia/negeri-sembilan/seremban,2.723381,101.968497,35,,,,,,,,25.0,78.0,1009.0,2.8,21.0,,,2025-11-28 20:00:00,+08:00,1764360000,2025-11-28 12:20:42
1844,,2025-11-24 20:43:16,1844,"Khao Noi Fire Station, Saraburi, Thailand (สถานีดับเพลิงเขาน้อย)",https://aqicn.org/city/thailand/saraburi/khao-noi-fire-station,14.526343,100.926047,67,pm25,67.0,57.0,4.4,9.8,0.6,0.1,24.7,36.0,1011.9,0.2,,,,2025-11-28 19:00:00,+07:00,1764356400,2025-11-28 12:20:43
1870,77.0,2025-11-24 20:43:16,1870,"Provincial Health Office, Loei, Thailand (สำนักงานสาธารณสุขจังหวัดเลย)",https://aqicn.org/city/thailand/loei/provincial-health-office,17.4525229,101.7272395,163,pm25,163.0,86.0,,7.5,,,17.6,67.4,984.6,1.5,11.5,,,2025-11-28 19:00:00,+07:00,1764356400,2025-11-28 12:20:43
2599,19.0,2025-11-24 20:43:16,10482,"Phiman, Satun, Satun, Thailand (ต.พิมาน อ.เมือง จ.สตูล)",https://aqicn.org/city/thailand/satun/satun/phiman,6.624747,100.066159,53,pm25,53.0,21.0,6.4,1.8,0.6,0.1,27.0,69.0,1008.0,3.6,21.0,,,2025-11-28 17:00:00,+07:00,1764349200,2025-11-28 12:20:44
2624,23.0,2025-11-24 20:43:16,2624,"Paka, Terengganu, Malaysia",https://aqicn.org/city/malaysia/terengganu/paka,4.598064,103.434819,22,,,,,,,,24.0,88.0,1007.0,3.6,22.0,,,2025-11-28 19:00:00,+08:00,1764356400,2025-11-28 12:20:44
2626,60.0,2025-11-24 20:43:16,2626,"Cheras,Kuala Lumpur, Wilayah Persekutuan, Malaysia",https://aqicn.org/city/malaysia/wilayah-persekutuan/cheras-kuala-lumpur,3.106236,101.717917,35,,,,,,,,24.0,94.0,1010.0,3.0,23.0,,,2025-11-28 20:00:00,+08:00,1764360000,2025-11-28 12:20:45
13662,24.0,2025-11-24 20:43:16,13662,"Trà Vinh/xã Dân Thành, TX Duyên Hải, Vietnam",https://aqicn.org/city/vietnam/tra-vinh/xa-dan-thanh--tx-duyen-hai,9.599143,106.51985,23,pm25,23.0,12.0,,,,,,,,,,,,2025-11-28 19:00:00,+07:00,1764356400,2025-11-28 12:20:45
2598,15.0,2025-11-24 20:43:16,2598,"Tanjung Malim, Perak, Malaysia",https://aqicn.org/city/malaysia/perak/tanjung-malim,3.687758,101.524494,32,,,,,,,,23.3,97.0,1009.8,0.3,,,,2025-11-28 20:00:00,+08:00,1764360000,2025-11-28 12:20:45
1825,65.0,2025-11-24 20:43:16,1825,"Nakhonsawan Irrigation , Nakhon Sawan, Thailand (โครงการชลประทานนครสวรรค์)",https://aqicn.org/city/thailand/nakhon-sawan/nakhonsawan-irrigation,15.68623,100.110556,51,pm25,51.0,70.0,14.2,13.3,0.6,0.1,24.5,13.5,1008.2,1.0,-5.2,,,2025-11-28 18:00:00,+07:00,1764352800,2025-11-28 12:20:46
9489,19.0,2025-11-24 20:43:16,9489,"Minden, Pulau Pinang, Malaysia",https://aqicn.org/city/malaysia/pulau-pinang/minden,5.356211,100.30792,55,,,,,,,,24.0,83.0,1009.0,4.3,21.0,,,2025-11-28 19:00:00,+08:00,1764356400,2025-11-28 12:20:46
9498,19.0,2025-11-24 20:43:16,9498,"Besut, Terengganu, Malaysia",https://aqicn.org/city/malaysia/terengganu/besut,5.748449,102.515632,39,,,,,,,,26.0,78.0,1008.0,3.0,22.0,,,2025-11-28 19:00:00,+08:00,1764356400,2025-11-28 12:20:46
1842,96.0,2025-11-24 20:43:16,1842,"City Hall, Samut Prakan, Thailand (ศาลากลางจังหวัดสมุทรปราการ)",https://aqicn.org/city/thailand/samut-prakan/city-hall,13.599149,100.597345,84,pm25,84.0,55.0,13.4,9.3,0.6,0.1,26.0,29.0,1011.0,3.0,7.0,,,2025-11-28 18:00:00,+07:00,1764352800,2025-11-28 12:20:47
2617,55.0,2025-11-24 20:43:16,2617,"Banting, Selangor, Malaysia",https://aqicn.org/city/malaysia/selangor/banting,2.816689,101.623158,54,,,,,,,,25.0,78.0,1009.0,2.8,21.0,,,2025-11-28 20:00:00,+08:00,1764360000,2025-11-28 12:20:47
5534,69.0,2025-11-24 20:43:16,5534,"Pluakdaeng District Health Office, Thailand (สำนักงานสาธารณสุขอำเภอปลวกแดง)",https://aqicn.org/city/thailand/pluakdaeng-district-health-office,12.97378333,101.21285,27,pm25,27.0,58.0,0.4,4.1,0.6,0.1,22.0,64.0,1012.0,2.5,15.0,,,2025-11-28 19:00:00,+07:00,1764356400,2025-11-28 12:20:47
8640,59.0,2025-11-24 20:43:16,8640,"Lingshui Tufu Bay, Lingshuixian (陵水县陵水土福湾)",https://aqicn.org/city/china/lingshuixian/lingshuitufuwan,18.403055,109.818054,97,pm25,97.0,57.0,49.2,5.1,3.6,4.4,22.0,43.0,1014.0,0.5,9.0,,,2025-11-28 19:00:00,+08:00,1764356400,2025-11-28 12:20:47
8645,83.0,2025-11-24 20:43:16,9495,"Pengerang, Johor, Malaysia",https://aqicn.org/city/malaysia/johor/pengerang,1.389489,104.149586,38,,,,,,,,27.0,83.0,1009.0,2.0,24.0,,,2025-11-28 19:00:00,+08:00,1764356400,2025-11-28 12:20:48
2621,31.0,2025-11-24 20:43:16,2621,"Shah Alam, Selangor, Malaysia",https://aqicn.org/city/malaysia/selangor/shah-alam,3.104717,101.556222,38,,,,,,,,24.0,94.0,1010.0,3.0,23.0,,,2025-11-28 20:00:00,+08:00,1764360000,2025-11-28 12:20:48
9450,,2025-11-24 20:43:16,9450,"Chiangrai - Gaia Station 01, Thailand",https://aqicn.org/city/thailand/chiangrai---gaia-station-01,19.687157,100.19024,76,pm25,76.0,25.7,,,,,19.0,45.0,1015.0,1.5,7.0,,,2025-11-28 19:00:00,+07:00,1764356400,2025-11-28 12:20:48
2589,50.0,2025-11-24 20:43:16,2589,"Port Dickson, Negeri Sembilan, Malaysia",https://aqicn.org/city/malaysia/negeri-sembilan/port-dickson,2.441383,101.866858,37,,,,,,,,25.0,78.0,1009.0,2.8,21.0,,,2025-11-28 20:00:00,+08:00,1764360000,2025-11-28 12:20:49
13636,73.0,2025-11-24 20:43:16,13636,"72nd Anniversary King Bhumibol Public Park, Uttaradit, Thailand (สวนมหามงคลเฉลิมพระชนมพรรษา 6 รอบ 5 ธันวาคม 2552 อุตรดิตถ์)",https://aqicn.org/city/thailand/uttaradit/72nd-anniversary-king-bhumibol-public-park,17.631352,100.09896,89,pm25,89.0,50.0,15.8,13.3,,,25.7,14.0,1003.4,1.5,-3.8,,,2025-11-28 18:00:00,+07:00,1764352800,2025-11-28 12:20:49
12758,73.0,2025-11-24 20:43:16,12758,"The Bhubing Palace Doi Buak Ha, Thailand (พระตำหนักภูพิงคราชนิเวศน์)",https://aqicn.org/city/thailand/the-bhubing-palace-doi-buak-ha,13.779873,100.646009,70,pm25,70.0,49.0,6.7,12.7,,,25.5,30.0,1011.5,3.0,7.0,,,2025-11-28 18:00:00,+07:00,1764352800,2025-11-28 12:20:49
2591,54.0,2025-11-24 20:43:16,2591,"Balok Baru, Kuantan, Pahang, Malaysia",https://aqicn.org/city/malaysia/pahang/balok-baru--kuantan,3.960644,103.382158,51,,,,,,,,24.0,94.0,1008.0,1.0,23.0,,,2025-11-28 20:00:00,+08:00,1764360000,2025-11-28 12:20:49
9501,26.0,2025-11-24 20:43:16,9501,"Mukah, Sarawak, Malaysia",https://aqicn.org/city/malaysia/sarawak/mukah,2.883238,112.019742,31,,,,,,,,24.0,94.0,1009.0,1.0,23.0,,,2025-11-28 20:00:00,+08:00,1764360000,2025-11-28 12:20:50
9556,19.0,2025-11-24 20:43:16,9556,"Kota Bharu, Kelantan, Malaysia",https://aqicn.org/city/malaysia/kelantan/kota-bharu,6.147431,102.249236,44,,,,,,,,26.0,78.0,1009.0,2.5,22.0,,,2025-11-28 20:00:00,+08:00,1764360000,2025-11-28 12:20:50
10482,,2025-11-24 20:43:16,10482,"Phiman, Satun, Satun, Thailand (ต.พิมาน อ.เมือง จ.สตูล)",https://aqicn.org/city/thailand/satun/satun/phiman,6.624747,100.066159,53,pm25,53.0,21.0,6.4,1.8,0.6,0.1,27.0,69.0,1008.0,3.6,21.0,,,2025-11-28 17:00:00,+07:00,1764349200,2025-11-28 12:20:50
1343,114.0,2025-11-24 20:43:16,1343,"Hainan Normal University, Haikou (海口海南师范大学)",https://aqicn.org/city/china/haikou/hainanshifandaxue,19.9969,110.338,72,pm25,72.0,54.0,56.5,5.1,3.6,3.7,20.0,56.0,1016.0,3.6,11.0,,,2025-11-28 19:00:00,+08:00,1764356400,2025-11-28 12:20:50
3688,,2025-11-24 20:43:16,3688,"Khonkaen, Thailand (ส่วนอุทกวิทยา สำนักงานทรัพยากรน้ำภาค 4 ขอนแก่น)",https://aqicn.org/city/thailand/khonkaen,16.44538333,102.83525,77,pm25,77.0,,,,,,20.0,42.0,1014.0,2.0,7.0,,,2025-11-28 19:00:00,+07:00,1764356400,2025-11-28 12:20:51
9497,28.0,2025-11-24 20:43:16,9497,"Temerloh, Pahang, Malaysia",https://aqicn.org/city/malaysia/pahang/temerloh,3.471603,102.376406,18,,,,,,,,24.0,94.0,1008.0,1.0,23.0,,,2025-11-28 20:00:00,+08:00,1764360000,2025-11-28 12:20:51
2580,52.0,2025-11-24 20:43:16,2580,"Pasir Gudang, Johor, Malaysia",https://aqicn.org/city/malaysia/johor/pasir-gudang,1.470122,103.893456,46,,,,,,,,26.0,88.0,1009.0,3.0,24.0,,,2025-11-28 20:00:00,+08:00,1764360000,2025-11-28 12:20:52
9494,29.0,2025-11-24 20:43:16,9494,"Kluang, Johor, Malaysia",https://aqicn.org/city/malaysia/johor/kluang,2.037882,103.312063,20,,,,,,,,26.0,78.0,1008.0,3.0,22.0,,,2025-11-28 19:00:00,+08:00,1764356400,2025-11-28 12:20:52
8116,14.0,2025-11-24 20:43:16,8116,"Kuala Belait, Brunei",https://aqicn.org/city/brunei/kuala-belait,4.5831986,114.2212174,7,,,,,,,,29.0,79.0,1006.0,2.0,25.0,,,2025-11-28 16:00:00,+08:00,1764345600,2025-11-28 12:20:52
5779,,2025-11-24 20:43:16,2612,"Miri, Sarawak, Malaysia",https://aqicn.org/city/malaysia/sarawak/miri,4.424679,114.012426,28,,,,,,,,27.0,88.0,1008.0,1.5,25.0,,,2025-11-28 20:00:00,+08:00,1764360000,2025-11-28 12:20:53
9493,32.0,2025-11-24 20:43:16,9493,"Batu Pahat, Johor, Malaysia",https://aqicn.org/city/malaysia/johor/batu-pahat,1.919323,102.866618,33,,,,,,,,25.0,95.0,1011.2,1.0,,,,2025-11-28 20:00:00,+08:00,1764360000,2025-11-28 12:20:53
4480,82.0,2025-11-24 20:43:16,4480,"Land Environment and Resources Bureau , Ledongxian (乐东县国土环境资源局)",https://aqicn.org/city/china/ledongxian/guotuhuanjingziyuanju,18.7422,109.1777,95,pm25,95.0,61.0,48.8,5.1,4.6,4.9,22.0,43.0,1014.0,0.5,9.0,,,2025-11-28 19:00:00,+08:00,1764356400,2025-11-28 12:20:53
2627,34.0,2025-11-24 20:43:16,2627,"Labuan, Wilayah Persekutuan, Malaysia",https://aqicn.org/city/malaysia/wilayah-persekutuan/labuan,5.298107,115.232106,18,,,,,,,,26.0,94.0,1008.0,1.0,25.0,,,2025-11-28 20:00:00,+08:00,1764360000,2025-11-28 12:20:53
13417,61.0,2025-11-24 20:43:16,13762,"Gia Lai/Phù Đổng, Thành phố Pleiku - KTTV - Trạm cảm biến, Vietnam",https://aqicn.org/city/vietnam/gia-lai/phu-dong--thanh-pho-pleiku-kttv-tram-cam-bien,13.968848,108.017617,162,pm25,162.0,39.0,1.0,121.0,49.0,20.0,20.5,67.6,923.5,3.0,14.3,99.4,,2025-11-28 18:00:00,+07:00,1764352800,2025-11-28 12:20:54
2595,24.0,2025-11-24 20:43:16,2595,"Kg. Air Putih, Taiping, Perak, Malaysia",https://aqicn.org/city/malaysia/perak/kg.-air-putih--taiping,4.89885,100.679106,53,,,,,,,,24.0,94.0,1010.0,1.0,23.0,,,2025-11-28 20:00:00,+08:00,1764360000,2025-11-28 12:20:54
4474,104.0,2025-11-24 20:43:16,4474,"City first secondary school sub-station , Danzhou (儋州市第一中学子站)",https://aqicn.org/city/china/danzhou/shidiyizhongxuezizhan,19.5088,109.5037,80,pm25,80.0,57.0,41.5,3.7,2.1,4.3,22.6,42.2,995.0,2.0,9.1,,,2025-11-28 19:00:00,+08:00,1764356400,2025-11-28 12:20:55
8631,80.0,2025-11-24 20:43:16,8631,"Haitang Bay, Sanya (三亚海棠湾)",https://aqicn.org/city/china/sanya/haitangwan,18.29029,109.71186,65,pm25,65.0,52.0,40.7,7.8,2.6,3.7,22.0,43.0,1014.0,0.5,9.0,,,2025-11-28 19:00:00,+08:00,1764356400,2025-11-28 12:20:55
13658,128.0,2025-11-24 20:43:16,13658,"Đà Nẵng/Hòa Thuận Tây, Hải Châu - KTTV - Trạm cảm biến, Vietnam",https://aqicn.org/city/vietnam/da-nang/hoa-thuan-tay--hai-chau-kttv-tram-cam-bien,16.043252,108.206826,190,pm10,163.0,190.0,,,,,22.0,60.0,1015.0,3.0,14.0,,,2025-11-28 18:00:00,+07:00,1764352800,2025-11-28 12:20:55
2592,52.0,2025-11-24 20:43:16,2592,"Indera Mahkota, Kuantan, Pahang, Malaysia",https://aqicn.org/city/malaysia/pahang/indera-mahkota--kuantan,3.819217,103.29655,21,,,,,,,,24.0,94.0,1008.0,1.0,23.0,,,2025-11-28 20:00:00,+08:00,1764360000,2025-11-28 12:20:55
9500,46.0,2025-11-24 20:43:16,9500,"Samalaju, Sarawak, Malaysia",https://aqicn.org/city/malaysia/sarawak/samalaju,3.537059,113.295168,38,,,,,,,,26.0,94.0,1008.0,0.5,25.0,,,2025-11-28 19:00:00,+08:00,1764356400,2025-11-28 12:20:55
9496,28.0,2025-11-24 20:43:16,9496,"Rompin, Pahang, Malaysia",https://aqicn.org/city/malaysia/pahang/rompin,2.926645,103.419198,20,,,,,,,,26.0,83.0,1009.0,1.5,23.0,,,2025-11-28 20:00:00,+08:00,1764360000,2025-11-28 12:20:56
9014,59.0,2025-11-24 20:43:16,9014,"Tha Tum, Si Maha Phot, Prachin Buri, Thailand (ต.ท่าตูม อ.ศรีมหาโพธิ จ.ปราจีนบุรี)",https://aqicn.org/city/thailand/prachin-buri/si-maha-phot/tha-tum,13.917563,101.590529,78,pm25,78.0,56.0,5.2,,,,25.5,30.0,1011.5,3.0,7.0,,,2025-11-28 18:00:00,+07:00,1764352800,2025-11-28 12:20:56
1814,142.0,2025-11-24 20:43:16,1814,"Highway District, Samut Sakhon, Thailand (แขวงการทางสมุทรสาคร)",https://aqicn.org/city/thailand/samut-sakhon/highway-district,13.7054879,100.315622,122,pm25,122.0,51.0,20.5,10.4,24.3,0.1,24.0,35.0,1012.0,3.6,8.0,,,2025-11-28 18:00:00,+07:00,1764352800,2025-11-28 12:20:57
8634,117.0,2025-11-24 20:43:16,8634,"hóngqí zhōng xuézǐ station, Tunchangxian (屯昌县红旗中学子站)",https://aqicn.org/city/china/tunchangxian/hongqizhongxuezizhan,19.37706,110.1108,82,pm25,82.0,55.0,53.2,6.4,2.6,2.7,20.0,56.0,1016.0,3.6,11.0,,,2025-11-28 19:00:00,+08:00,1764356400,2025-11-28 12:20:57
13637,85.0,2025-11-24 20:43:16,13637,"Nong Prajak Public Park, Udon Thani, Thailand (สวนสาธารณะหนองประจักษ์ อุดรธานี)",https://aqicn.org/city/thailand/udon-thani/nong-prajak-public-park,17.414174,102.780926,61,pm25,61.0,,,,,,19.0,82.0,1013.0,1.0,16.0,,,2025-11-28 18:00:00,+07:00,1764352800,2025-11-28 12:20:58
13633,47.0,2025-11-24 20:43:16,13633,"Suphan Buri Provincial Central Stadium, Thailand (สนามกีฬากลางจังหวัดสุพรรณบุรี)",https://aqicn.org/city/thailand/suphan-buri-provincial-central-stadium,14.476214,100.086095,81,pm25,81.0,51.0,5.2,4.1,0.6,0.1,24.7,36.0,1011.1,0.2,,,,2025-11-28 18:00:00,+07:00,1764352800,2025-11-28 12:20:58
5247,109.0,2025-11-24 20:43:16,5247,"City Mine station dormitory building , Wenchang (文昌市矿山管理站宿舍大楼)",https://aqicn.org/city/china/wenchang/shikuangshanguanlizhansushedalou,19.6208,110.7477,85,pm25,85.0,61.0,49.2,6.9,3.1,4.4,20.0,56.0,1016.0,3.6,11.0,,,2025-11-28 19:00:00,+08:00,1764356400,2025-11-28 12:20:58
9492,28.0,2025-11-24 20:43:16,9492,"Segamat, Johor, Malaysia",https://aqicn.org/city/malaysia/johor/segamat,2.493914,102.862694,24,,,,,,,,26.0,78.0,1010.0,2.0,22.0,,,2025-11-28 19:00:00,+08:00,1764356400,2025-11-28 12:20:58
2601,17.0,2025-11-24 20:43:16,2601,"Seberang Jaya 2, Perai, Pulau Pinang, Malaysia",https://aqicn.org/city/malaysia/pulau-pinang/seberang-jaya-2--perai,5.39817,100.403947,55,,,,,,,,24.0,83.0,1009.0,3.6,21.0,,,2025-11-28 20:00:00,+08:00,1764360000,2025-11-28 12:20:58
1849,117.0,2025-11-24 20:43:16,1849,"General Education Office, Chonburi, Thailand (สำนักงานสามัญศึกษาชลบุรี)",https://aqicn.org/city/thailand/chonburi/general-education-office,13.35461667,100.9792167,63,pm25,63.0,33.0,6.0,9.3,1.1,,26.0,29.0,1011.0,3.0,7.0,,,2025-11-28 18:00:00,+07:00,1764352800,2025-11-28 12:20:58
7886,129.0,2025-11-24 20:43:16,7886,Dinganxian,https://aqicn.org/city/dinganxian,19.681434,110.358891,104,pm25,104.0,68.0,53.9,6.4,1.6,5.4,20.0,56.0,1016.0,3.6,,,,2025-11-28 19:00:00,+08:00,1764356400,2025-11-28 12:20:59
8117,5.0,2025-11-24 20:43:16,8117,"Pekan Tutong, Brunei",https://aqicn.org/city/brunei/pekan-tutong,4.8140524,114.6608562,14,,,,,,,,27.0,88.0,1007.0,2.3,25.0,,,2025-11-28 16:00:00,+08:00,1764345600,2025-11-28 12:20:59
2611,16.0,2025-11-24 20:43:16,2611,"Limbang, Sarawak, Malaysia",https://aqicn.org/city/malaysia/sarawak/limbang,4.758891,115.013667,31,,,,,,,,26.0,94.0,1008.5,1.0,25.0,,,2025-11-28 20:00:00,+08:00,1764360000,2025-11-28 12:20:59
1816,101.0,2025-11-24 20:43:16,1816,"Sukhothai Thammathirat Open University, Nonthaburi, Thailand (มหาวิทยาลัยสุโขทัยธรรมาธิราช)",https://aqicn.org/city/thailand/nonthaburi/sukhothai-thammathirat-open-university,13.907861,100.535641,101,pm25,101.0,63.0,6.4,17.3,1.1,0.1,24.0,35.0,1012.0,3.6,8.0,,,2025-11-28 18:00:00,+07:00,1764352800,2025-11-28 12:20:59
2581,15.0,2025-11-24 20:43:16,2581,"Alor Setar, Kedah, Malaysia",https://aqicn.org/city/malaysia/kedah/alor-setar,6.137244,100.346815,56,,,,,,,,25.0,88.0,1009.0,2.0,23.0,,,2025-11-28 17:00:00,+08:00,1764349200,2025-11-28 12:21:01
8503,62.0,2025-11-24 20:43:16,8503,"Huai Kon, Chaloem Phra Kiat, Nan, Thailand (ต.ห้วยโก๋น อ.เฉลิมพระเกียรติ จ.น่าน)",https://aqicn.org/city/thailand/nan/chaloem-phra-kiat/huai-kon,19.5759666,101.0815166,65,pm25,65.0,70.0,3.2,13.3,1.1,0.1,23.7,15.4,975.0,2.5,-4.1,,,2025-11-28 18:00:00,+07:00,1764352800,2025-11-28 12:21:02
2622,16.0,2025-11-24 20:43:16,2622,"Kemaman, Terengganu, Malaysia",https://aqicn.org/city/malaysia/terengganu/kemaman,4.262121,103.425778,20,,,,,,,,24.0,88.0,1007.0,3.6,22.0,,,2025-11-28 19:00:00,+08:00,1764356400,2025-11-28 12:21:02
13659,41.0,2025-11-24 20:43:16,13659,"Tây Ninh/Thị xã Tràng Bảng, Vietnam",https://aqicn.org/city/vietnam/tay-ninh/thi-xa-trang-bang,11.030287,106.35631,66,pm10,39.0,66.0,,,,,27.0,61.0,1009.0,2.5,19.0,,,2025-11-28 19:00:00,+07:00,1764356400,2025-11-28 12:21:03
2616,18.0,2025-11-24 20:43:16,2616,"Sri Aman, Sarawak, Malaysia",https://aqicn.org/city/malaysia/sarawak/sri-aman,1.219656,111.464792,19,,,,,,,,23.0,100.0,1009.0,0.5,23.0,,,2025-11-28 20:00:00,+08:00,1764360000,2025-11-28 12:21:03
2615,24.0,2025-11-24 20:43:16,2615,"Sibu, Sarawak, Malaysia",https://aqicn.org/city/malaysia/sarawak/sibu,2.314408,111.831916,23,,,,,,,,24.0,94.0,1009.0,1.0,23.0,,,2025-11-28 20:00:00,+08:00,1764360000,2025-11-28 12:21:04
9499,18.0,2025-11-24 20:43:16,9499,"Kimanis, Sabah, Malaysia",https://aqicn.org/city/malaysia/sabah/kimanis,5.538225,115.850556,16,,,,,,,,25.5,91.0,1008.0,1.5,24.0,,,2025-11-28 19:00:00,+08:00,1764356400,2025-11-28 12:21:04
2604,26.0,2025-11-24 20:43:16,2604,"Kota Kinabalu, Sabah, Malaysia",https://aqicn.org/city/malaysia/sabah/kota-kinabalu,5.89372,116.04327,19,,,,,,,,25.5,91.0,1008.0,1.5,24.0,,,2025-11-28 19:00:00,+08:00,1764356400,2025-11-28 12:21:04
2587,29.0,2025-11-24 20:43:16,2587,"Bukit Rambai, Melaka, Malaysia",https://aqicn.org/city/malaysia/melaka/bukit-rambai,2.258519,102.172683,29,,,,,,,,26.0,78.0,1010.0,2.0,22.0,,,2025-11-28 20:00:00,+08:00,1764360000,2025-11-28 12:21:05
2578,39.0,2025-11-24 20:43:16,2578,"Larkin Lama, Johor, Malaysia",https://aqicn.org/city/malaysia/johor/larkin-lama,1.494625,103.735975,38,,,,,,,,26.0,78.0,1008.0,3.0,22.0,,,2025-11-28 19:00:00,+08:00,1764356400,2025-11-28 12:21:05
5254,91.0,2025-11-24 20:43:16,5254,"Commission compound Archives , Lingaoxian (临高县委大院档案馆)",https://aqicn.org/city/china/lingaoxian/weidayuandanganguan,19.91205,109.69053,65,pm25,65.0,57.0,40.3,3.2,2.6,4.6,20.0,56.0,1016.0,3.6,11.0,,,2025-11-28 19:00:00,+08:00,1764356400,2025-11-28 12:21:06
10484,39.0,2025-11-24 20:43:16,10484,"Tangkak, Johor, Malaysia",https://aqicn.org/city/malaysia/johor/tangkak,2.294794,102.571595,29,,,,,,,,26.0,78.0,1010.0,2.0,22.0,,,2025-11-28 20:00:00,+08:00,1764360000,2025-11-28 12:21:06
8114,1.0,2025-11-24 20:43:16,8114,"Temburong, Brunei",https://aqicn.org/city/brunei/temburong,4.6204128,115.141484,5,,,,,,,,27.0,88.0,1007.0,2.3,25.0,,,2025-11-28 16:00:00,+08:00,1764345600,2025-11-28 12:21:07
13635,,2025-11-24 20:43:16,13636,"72nd Anniversary King Bhumibol Public Park, Uttaradit, Thailand (สวนมหามงคลเฉลิมพระชนมพรรษา 6 รอบ 5 ธันวาคม 2552 อุตรดิตถ์)",https://aqicn.org/city/thailand/uttaradit/72nd-anniversary-king-bhumibol-public-park,17.631352,100.09896,89,pm25,89.0,50.0,15.8,13.3,,,25.7,14.0,1003.4,1.5,-3.8,,,2025-11-28 18:00:00,+07:00,1764352800,2025-11-28 12:21:07
5107,81.0,2025-11-24 20:43:16,5107,"Government Center, Rayong, Thailand (ศูนย์ราชการระยอง)",https://aqicn.org/city/thailand/rayong/government-center,12.7066,101.18055,58,pm25,58.0,38.0,7.5,11.0,2.2,0.1,24.0,57.0,1011.0,2.5,15.0,,,2025-11-28 18:00:00,+07:00,1764352800,2025-11-28 12:21:07
2596,31.0,2025-11-24 20:43:16,2596,"S K Jalan Pegoh, Ipoh, Perak, Malaysia",https://aqicn.org/city/malaysia/perak/s-k-jalan-pegoh--ipoh,4.553336,101.080236,52,,,,,,,,24.0,94.0,1010.0,1.0,23.0,,,2025-11-28 20:00:00,+08:00,1764360000,2025-11-28 12:21:08
6814,141.0,2025-11-24 20:43:16,6814,"Provincial Administrative Organization, Samut Sakhon, Thailand (องค์การบริหารส่วนจังหวัดสมุทรสาคร)",https://aqicn.org/city/thailand/samut-sakhon/provincial-administrative-organization,13.5502631,100.2647676,96,pm25,96.0,33.0,2.8,7.5,2.7,,26.0,29.0,1011.0,3.0,7.0,,,2025-11-28 18:00:00,+07:00,1764352800,2025-11-28 12:21:08
2609,23.0,2025-11-24 20:43:16,2609,"Kapit, Sarawak, Malaysia",https://aqicn.org/city/malaysia/sarawak/kapit,2.014498,112.92736,28,,,,,,,,,,,,,,,2025-11-28 20:00:00,+08:00,1764360000,2025-11-28 12:21:08
13631,56.0,2025-11-24 20:43:16,13631,"Meteorological stations, Sakon Nakhon, Thailand (สถานีอุตุนิยมวิทยาสกลนคร)",https://aqicn.org/city/thailand/sakon-nakhon/meteorological-stations,17.15662,104.133216,75,pm25,75.0,34.0,,,,,23.3,16.7,992.5,1.0,-3.4,,,2025-11-28 18:00:00,+07:00,1764352800,2025-11-28 12:21:09
2582,20.0,2025-11-24 20:43:16,2582,"Bakar Arang, Sg. Petani, Kedah, Malaysia",https://aqicn.org/city/malaysia/kedah/bakar-arang--sg.-petani,5.629631,100.467771,59,,,,,,,,24.0,83.0,1009.0,3.6,21.0,,,2025-11-28 18:00:00,+08:00,1764352800,2025-11-28 12:21:09
5259,76.0,2025-11-24 20:43:16,5259,"Middle school, Wanning (万宁中学子站)",https://aqicn.org/city/china/wanning/zhongxuezizhan,18.7983,110.3933,76,pm25,76.0,58.0,64.3,6.0,19.3,5.6,21.9,54.1,1011.9,4.0,12.2,,,2025-11-28 19:00:00,+08:00,1764356400,2025-11-28 12:21:10
2620,20.0,2025-11-24 20:43:16,2620,"Petaling Jaya, Selangor, Malaysia",https://aqicn.org/city/malaysia/selangor/petaling-jaya,3.133169,101.608011,29,,,,,,,,24.0,94.0,1010.0,3.0,23.0,,,2025-11-28 20:00:00,+08:00,1764360000,2025-11-28 12:21:10
2593,34.0,2025-11-24 20:43:16,2593,"Jerantut, Pahang, Malaysia",https://aqicn.org/city/malaysia/pahang/jerantut,3.94836,102.366632,19,,,,,,,,24.0,94.0,1008.0,1.0,23.0,,,2025-11-28 20:00:00,+08:00,1764360000,2025-11-28 12:21:10
2594,40.0,2025-11-24 20:43:16,2594,"Jalan Tasek, Ipoh, Perak, Malaysia",https://aqicn.org/city/malaysia/perak/jalan-tasek--ipoh,4.629444,101.11665,53,,,,,,,,24.0,94.0,1010.0,1.0,23.0,,,2025-11-28 14:00:00,+08:00,1764338400,2025-11-28 12:21:11
2588,29.0,2025-11-24 20:43:16,2588,"Nilai, Negeri Sembilan, Malaysia",https://aqicn.org/city/malaysia/negeri-sembilan/nilai,2.821692,101.811486,31,,,,,,,,25.0,78.0,1009.0,2.8,21.0,,,2025-11-28 20:00:00,+08:00,1764360000,2025-11-28 12:21:11
13687,42.0,2025-11-24 20:43:16,13687,"Cần Thơ/Ninh Kiều - KTTV - Trạm cảm biến, Vietnam",https://aqicn.org/city/vietnam/can-tho/ninh-kieu-kttv-tram-cam-bien,10.026977,105.768249,48,pm10,26.0,48.0,11.0,1.0,,18.0,24.0,73.0,1010.0,1.5,19.0,,,2025-11-28 18:00:00,+07:00,1764352800,2025-11-28 12:21:11
1817,,2025-11-24 20:43:16,1817,"Na Phralan Police Station Saraburi, Thailand (สถานีตำรวจภูธรหน้าพระลาน สระบุรี)",https://aqicn.org/city/thailand/na-phralan-police-station-saraburi,14.685833,100.871996,96,pm10,91.0,96.0,1.6,20.8,0.6,0.1,24.7,36.0,1011.1,0.2,,,,2025-11-28 18:00:00,+07:00,1764352800,2025-11-28 12:21:11
5190,74.0,2025-11-24 20:43:16,5190,Dongfang (东方),https://aqicn.org/city/dongfang,19.095361,108.651775,70,pm25,70.0,54.0,63.0,5.5,2.1,3.3,24.6,40.0,1014.1,4.0,,99.1,,2025-11-28 19:00:00,+08:00,1764356400,2025-11-28 12:21:11
4435,87.0,2025-11-24 20:43:16,4435,"Hedongzi Station, Sanya (三亚河东子站)",https://aqicn.org/city/china/sanya/hedongzizhan,18.2489,109.5078,70,pm25,70.0,42.0,41.5,12.4,2.6,6.4,22.0,43.0,1014.0,0.5,9.0,,,2025-11-28 19:00:00,+08:00,1764356400,2025-11-28 12:21:12
2612,28.0,2025-11-24 20:43:16,2612,"Miri, Sarawak, Malaysia",https://aqicn.org/city/malaysia/sarawak/miri,4.424679,114.012426,28,,,,,,,,27.0,88.0,1008.0,1.5,25.0,,,2025-11-28 20:00:00,+08:00,1764360000,2025-11-28 12:21:12
2623,14.0,2025-11-24 20:43:16,2623,"Kuala Terengganu, Terengganu, Malaysia",https://aqicn.org/city/malaysia/terengganu/kuala-terengganu,5.308094,103.120392,53,,,,,,,,24.0,94.0,1009.0,2.5,23.0,,,2025-11-28 19:00:00,+08:00,1764356400,2025-11-28 12:21:12
13505,69.0,2025-11-24 20:43:16,2606,"Tawau, Sabah, Malaysia",https://aqicn.org/city/malaysia/sabah/tawau,4.249786,117.935864,41,,,,,,,,27.0,88.0,1007.0,0.5,25.0,,,2025-11-28 19:00:00,+08:00,1764356400,2025-11-28 12:21:13
2606,34.0,2025-11-24 20:43:16,2606,"Tawau, Sabah, Malaysia",https://aqicn.org/city/malaysia/sabah/tawau,4.249786,117.935864,41,,,,,,,,27.0,88.0,1007.0,0.5,25.0,,,2025-11-28 19:00:00,+08:00,1764356400,2025-11-28 12:21:13
1664,53.0,2025-11-24 20:43:16,1664,"East, Singapore",https://aqicn.org/city/singapore/east,1.3645924,103.9477547,53,pm25,53.0,18.0,14.0,,4.0,4.0,26.0,88.0,1010.0,1.5,24.0,,,2025-11-28 20:00:00,+08:00,1764360000,2025-11-28 12:21:13
5255,85.0,2025-11-24 20:43:16,5255,"Commission for Discipline Building Station, Lingshuixian (陵水县纪委大楼站)",https://aqicn.org/city/china/lingshuixian/jiweidalouzhan,18.50844,110.03572,78,pm25,78.0,53.0,51.3,5.1,4.1,5.8,22.0,43.0,1014.0,0.5,9.0,,,2025-11-28 19:00:00,+08:00,1764356400,2025-11-28 12:21:13
1830,72.0,2025-11-24 20:43:16,1830,"Phrae Meteorological Station, Thailand (สถานีอุตุนิยมวิทยาแพร่)",https://aqicn.org/city/thailand/phrae-meteorological-station,18.1283666,100.1624333,68,pm25,68.0,68.0,6.7,8.7,0.6,0.1,24.2,14.5,994.0,2.5,-4.5,,,2025-11-28 18:00:00,+07:00,1764352800,2025-11-28 12:21:13
5253,104.0,2025-11-24 20:43:16,5253,"Land Environment and Resources Bureau, Chengmaixian (澄迈县澄迈国土环境资源局站)",https://aqicn.org/city/china/chengmaixian/chengmaiguotuhuanjingziyuanjuzhan,19.76,110.006,93,pm25,93.0,61.0,46.3,4.6,1.1,2.7,20.0,56.0,1016.0,3.6,11.0,,,2025-11-28 19:00:00,+08:00,1764356400,2025-11-28 12:21:14
12795,86.0,2025-11-24 20:43:16,12795,"T.Meechai A.Muang Nongkhai Province, Thailand (ต.มีชัย อ.เมืองหนองคาย จ.หนองคาย)",https://aqicn.org/city/thailand/t.meechai-a.muang-nongkhai-province,17.87748,102.728925,121,pm25,121.0,77.0,17.4,7.0,0.6,0.1,19.0,82.0,1013.0,1.0,16.0,,,2025-11-28 18:00:00,+07:00,1764352800,2025-11-28 12:21:14
2614,19.0,2025-11-24 20:43:16,2614,"Sarikei, Sarawak, Malaysia",https://aqicn.org/city/malaysia/sarawak/sarikei,2.132809,111.52287,22,,,,,,,,24.0,94.0,1009.0,1.0,23.0,,,2025-11-28 20:00:00,+08:00,1764360000,2025-11-28 12:21:14
2585,31.0,2025-11-24 20:43:16,2585,"Tanah Merah, Kelantan, Malaysia",https://aqicn.org/city/malaysia/kelantan/tanah-merah,5.811172,102.1345,45,,,,,,,,26.0,78.0,1009.0,2.5,22.0,,,2025-11-28 20:00:00,+08:00,1764360000,2025-11-28 12:21:15
9495,50.0,2025-11-24 20:43:16,9495,"Pengerang, Johor, Malaysia",https://aqicn.org/city/malaysia/johor/pengerang,1.389489,104.149586,38,,,,,,,,27.0,83.0,1009.0,2.0,24.0,,,2025-11-28 19:00:00,+08:00,1764356400,2025-11-28 12:21:16
13652,43.0,2025-11-24 20:43:16,2616,"Sri Aman, Sarawak, Malaysia",https://aqicn.org/city/malaysia/sarawak/sri-aman,1.219656,111.464792,19,,,,,,,,23.0,100.0,1009.0,0.5,23.0,,,2025-11-28 20:00:00,+08:00,1764360000,2025-11-28 12:21:16
2605,38.0,2025-11-24 20:43:16,2605,"Sandakan, Sabah, Malaysia",https://aqicn.org/city/malaysia/sabah/sandakan,5.864467,118.091089,31,,,,,,,,25.0,94.0,1008.0,3.0,24.0,,,2025-11-28 19:00:00,+08:00,1764356400,2025-11-28 12:21:16
1863,64.0,2025-11-24 20:43:16,1863,"Wang Yen Subdistrict Administrative, Chachoengsao, Thailand (องค์การบริหารส่วนตำบลวังเย็น)",https://aqicn.org/city/thailand/chachoengsao/wang-yen-subdistrict-administrative,13.5885,101.2863333,37,pm25,37.0,56.0,0.8,8.1,1.6,,26.0,29.0,1011.0,3.0,7.0,,,2025-11-28 18:00:00,+07:00,1764352800,2025-11-28 12:21:16
1859,91.0,2025-11-24 20:43:16,1859,"Thonburi Power Sub-Station, Bangkok, Thailand (โรงไฟฟ้าย่อย ธนบุรี)",https://aqicn.org/city/thailand/bangkok/thonburi-power-sub-station,13.727622,100.486568,91,pm25,91.0,50.0,,13.3,,,24.0,35.0,1012.0,3.6,8.0,,,2025-11-28 18:00:00,+07:00,1764352800,2025-11-28 12:21:16
14139,339.0,2025-11-24 20:43:16,14139,"Bardowali, Agartala, India",https://aqicn.org/city/india/agartala/bardowali,23.8175497,91.2726974,90,pm25,90.0,52.0,0.4,0.1,11.6,,23.479999999999997,68.58,750.0,0.48,18.0,,,2025-11-28 17:00:00,+05:30,1764349200,2025-11-28 12:21:17
2603,26.0,2025-11-24 20:43:16,2603,"Keningau, Sabah, Malaysia",https://aqicn.org/city/malaysia/sabah/keningau,5.339317,116.163658,36,,,,,,,,25.5,91.0,1008.0,1.5,24.0,,,2025-11-28 19:00:00,+08:00,1764356400,2025-11-28 12:21:17
2610,29.0,2025-11-24 20:43:16,2610,"Kuching, Sarawak, Malaysia",https://aqicn.org/city/malaysia/sarawak/kuching,1.562229,110.388958,32,,,,,,,,24.0,100.0,1009.0,1.5,24.0,,,2025-11-28 19:00:00,+08:00,1764356400,2025-11-28 12:21:18
1867,72.0,2025-11-24 20:43:16,1867,"Municipality Office, Nan, Thailand (สำนักงานเทศบาลเมืองน่าน)",https://aqicn.org/city/thailand/nan/municipality-office,18.7888833,100.7763166,74,pm25,74.0,67.0,6.4,0.6,0.6,0.1,25.1,14.5,989.4,1.0,-3.8,,,2025-11-28 18:00:00,+07:00,1764352800,2025-11-28 12:21:18
1302,59.0,2025-11-24 20:43:16,1302,"Gulangyu, Xiamen (厦门鼓浪屿)",https://aqicn.org/city/china/xiamen/gulangyu,24.445833333,118.06361111,122,pm25,122.0,98.0,50.0,8.3,1.6,2.8,17.0,51.0,1018.0,4.6,7.0,,,2025-11-28 19:00:00,+08:00,1764356400,2025-11-28 12:21:19
3431,87.0,2025-11-24 20:43:16,3431,"Beihai Industrial Park, Beihai (北海北海工业园)",https://aqicn.org/city/china/beihai/beihaigongyeyuan,21.5233,109.1778,122,pm25,122.0,63.0,26.9,22.9,4.6,7.3,21.4,36.0,1014.1,2.0,5.7,99.1,,2025-11-28 19:00:00,+08:00,1764356400,2025-11-28 12:21:19
14893,63.0,2025-11-24 20:43:16,1645,"Hengchun, Taiwan (恆春)",https://aqicn.org/city/taiwan/hengchun,21.958069,120.788928,76,pm25,76.0,58.0,32.8,1.2,1.0,1.7,20.0,69.0,1015.0,5.3,17.3,,,2025-11-28 20:00:00,+08:00,1764360000,2025-11-28 12:21:19
7201,107.0,2025-11-24 20:43:16,7201,"CPPCC Building, Hezhou (贺州环保小区)",https://aqicn.org/city/china/hezhou/huanbaoxiaoqu,24.4175,111.5269,82,pm25,82.0,72.0,16.7,25.2,4.1,9.1,21.8,28.0,1001.4,2.0,2.5,,,2025-11-28 19:00:00,+08:00,1764356400,2025-11-28 12:21:20
12809,6.0,2025-11-24 20:43:16,12809,"Sikulpuikawn, Aizawl, India",https://aqicn.org/city/india/aizawl/sikulpuikawn,23.7176342,92.7192841,73,pm25,73.0,34.0,0.3,0.1,5.9,0.6,19.8,57.2,,1.0,11.1,,,2025-11-28 17:00:00,+05:30,1764349200,2025-11-28 12:21:21
1832,71.0,2025-11-24 20:43:16,1832,"Maesai Health Office, Chiangrai, Thailand (สำนักงานสาธารณสุขอำเภอแม่สาย เชียงราย)",https://aqicn.org/city/thailand/chiangrai/maesai-health-office,20.439944444444,99.913666666667,89,pm25,89.0,149.0,,,0.6,,16.0,63.0,1015.0,1.5,9.0,,,2025-11-28 19:00:00,+07:00,1764356400,2025-11-28 12:21:21
14221,55.0,2025-11-24 20:43:16,14221,"广宁庄前西,  (肇庆市广宁庄前西)",https://aqicn.org/city/guangdong/zhaoqingshi/guangningzhuangqianxi,23.638817,112.43656,126,pm10,63.0,126.0,3.3,33.0,2.6,9.1,17.5,36.5,1018.0,2.0,2.5,,,2025-11-28 19:00:00,+08:00,1764356400,2025-11-28 12:21:21
7225,74.0,2025-11-24 20:43:16,7225,"Dehong Stations, Dehong (德宏州德宏州监测站)",https://aqicn.org/city/china/dehongzhou/dehongzhoujiancezhan,24.428,98.5842,91,pm25,91.0,51.0,28.5,13.8,4.6,8.2,19.4,36.2,830.8,3.0,4.0,99.1,,2025-11-28 19:00:00,+08:00,1764356400,2025-11-28 12:21:21
14227,107.0,2025-11-24 20:43:16,14227,"鹤山南山,  (江门市鹤山南山)",https://aqicn.org/city/guangdong/jiangmenshi/heshannanshan,22.763923,112.969881,104,pm25,104.0,69.0,35.4,19.2,4.6,5.5,17.5,36.5,1018.0,2.0,2.5,,,2025-11-28 19:00:00,+08:00,1764356400,2025-11-28 12:21:21
14467,72.0,2025-11-24 20:43:16,14467,"赤石明热子站, Shenzhen (深汕合作区 赤石镇)",https://aqicn.org/city/shenzhen/chishimingrezizhan,22.91151,115.04826,102,pm25,102.0,62.0,19.5,7.4,3.6,6.4,20.0,56.0,1016.9,0.6,,,,2025-11-28 19:00:00,+08:00,1764356400,2025-11-28 12:21:22
14393,124.0,2025-11-24 20:43:16,14393,"丹灶,  (佛山市丹灶)",https://aqicn.org/city/guangdong/fushanshi/danzao,23.0404,112.9197,112,pm25,112.0,73.0,21.2,27.9,2.1,6.4,17.5,36.5,1018.0,2.0,2.5,,,2025-11-28 19:00:00,+08:00,1764356400,2025-11-28 12:21:22
1553,87.0,2025-11-24 20:43:16,1553,Beihai (北海),https://aqicn.org/city/beihai,21.481254,109.119927,122,pm25,122.0,63.0,47.2,22.9,4.6,7.3,21.4,36.0,1014.1,2.0,,99.1,,2025-11-28 19:00:00,+08:00,1764356400,2025-11-28 12:21:22
14394,102.0,2025-11-24 20:43:16,14394,"大沥,  (佛山市大沥)",https://aqicn.org/city/guangdong/fushanshi/dali,23.1171,113.1277,114,pm25,114.0,80.0,15.1,41.2,3.6,7.3,17.5,36.5,1018.0,2.0,2.5,,,2025-11-28 19:00:00,+08:00,1764356400,2025-11-28 12:21:23
14358,70.0,2025-11-24 20:43:16,14358,"云安都杨,  (云浮市云安都杨)",https://aqicn.org/city/guangdong/yunfushi/yunanduyang,23.044739,112.159956,40,pm10,30.0,40.0,13.0,15.1,2.1,5.5,19.5,27.0,1009.5,3.0,0.0,,,2025-11-28 19:00:00,+08:00,1764356400,2025-11-28 12:21:23
14528,82.0,2025-11-24 20:43:16,14528,"晋宁区生态环境分局, Kunming (昆明晋宁区生态环境分局)",https://aqicn.org/city/china/kunming/jinningqushengtaihuanjingfenju,24.6736,102.5967,76,pm25,76.0,41.0,30.9,12.4,1.1,4.6,10.0,37.0,1022.0,2.5,-4.0,,,2025-11-28 19:00:00,+08:00,1764356400,2025-11-28 12:21:23
4342,74.0,2025-11-24 20:43:16,4342,Shanwei (汕尾),https://aqicn.org/city/shanwei,22.786211,115.375279,109,pm25,109.0,78.0,56.5,9.6,2.6,4.6,22.5,28.8,1014.7,2.0,,,,2025-11-28 19:00:00,+08:00,1764356400,2025-11-28 12:21:23
13026,108.0,2025-11-24 20:43:16,8688,"United Nations International School of Hanoi, Vietnam (Trường Quốc tế Liên Hợp Quốc Hà Nội)",https://aqicn.org/city/vietnam/hanoi/unis,21.0811211,105.8180306,149,pm25,149.0,,,,,,21.0,50.0,1016.0,1.8,7.5,,,2025-11-28 18:00:00,+07:00,1764352800,2025-11-28 12:21:24
13683,,2025-11-24 20:43:16,13683,"Hưng Yên/Sở TNMT - 437 Nguyễn Văn Linh, Tp Hưng Yên, Vietnam",https://aqicn.org/city/vietnam/hung-yen/so-tnmt-437-nguyen-van-linh--tp-hung-yen,20.661683,106.058761,137,pm10,101.0,137.0,15.0,27.0,6.0,10.0,18.0,59.0,1016.0,1.5,10.0,,,2025-11-28 19:00:00,+07:00,1764356400,2025-11-28 12:21:24
3579,61.0,2025-11-24 20:43:16,3579,"Liudong Primary School, Liuzhou (柳州柳东小学)",https://aqicn.org/city/china/liuzhou/liudongxiaoxue,24.3898,109.4883,89,pm25,89.0,53.0,48.8,3.7,5.1,2.8,21.4,27.0,980.5,1.0,1.6,,,2025-11-28 19:00:00,+08:00,1764356400,2025-11-28 12:21:24
14478,85.0,2025-11-24 20:43:16,14478,"花都梯面, Guangzhou (广州花都梯面)",https://aqicn.org/city/guangdong/guangzhou/huadutimian,23.5544,113.2902,89,pm25,89.0,60.0,,28.4,3.1,4.6,18.0,34.0,1018.0,1.5,2.0,,,2025-11-28 19:00:00,+08:00,1764356400,2025-11-28 12:21:25
14249,76.0,2025-11-24 20:43:16,14249,"连州城东,  (清远市连州城东)",https://aqicn.org/city/guangdong/qingyuanshi/lianzhouchengdong,24.7929,112.391601,89,pm25,89.0,67.0,13.0,25.6,3.6,8.2,21.8,28.0,1001.4,2.0,2.5,,,2025-11-28 19:00:00,+08:00,1764356400,2025-11-28 12:21:25
805,72.0,2025-11-24 20:43:16,805,"Kengkouzi station, Zhaoqing (肇庆坑口子站)",https://aqicn.org/city/guangdong/zhaoqing/kangkouzizhan,23.1617,112.565,68,pm25,68.0,52.0,28.5,15.1,3.6,3.7,17.5,36.5,1018.0,2.0,2.5,,,2025-11-28 19:00:00,+08:00,1764356400,2025-11-28 12:21:25
784,80.0,2025-11-24 20:43:16,784,"Dòumén, Zhuhai (珠海斗门)",https://aqicn.org/city/guangdong/zhuhai/doumen,22.2281,113.299,139,pm25,139.0,67.0,38.2,30.7,3.1,3.7,17.5,61.0,1017.0,0.2,10.0,,,2025-11-28 19:00:00,+08:00,1764356400,2025-11-28 12:21:26
14332,114.0,2025-11-24 20:43:16,14332,"罗定兴华,  (云浮市罗定兴华)",https://aqicn.org/city/guangdong/yunfushi/luodingxinghua,22.761743,111.594533,104,pm25,104.0,53.0,24.0,21.5,9.2,8.2,21.5,27.0,999.1,2.0,1.7,99.1,,2025-11-28 19:00:00,+08:00,1764356400,2025-11-28 12:21:26
14297,85.0,2025-11-24 20:43:16,14297,"连平东园,  (河源市连平东园)",https://aqicn.org/city/guangdong/heyuanshi/lianpingdongyuan,24.366944,114.492777,102,pm25,102.0,57.0,18.7,9.2,3.1,5.5,18.0,31.0,983.9,4.0,0.6,,,2025-11-28 19:00:00,+08:00,1764356400,2025-11-28 12:21:26
14334,93.0,2025-11-24 20:43:16,14334,"新兴南外,  (云浮市新兴南外)",https://aqicn.org/city/guangdong/yunfushi/xinxingnanwai,22.694085,112.234114,76,pm25,76.0,48.0,19.1,27.5,2.6,8.2,19.5,27.0,1009.5,3.0,0.0,,,2025-11-28 19:00:00,+08:00,1764356400,2025-11-28 12:21:27
3424,82.0,2025-11-24 20:43:16,3424,"Wanan, Quanzhou (泉州万安)",https://aqicn.org/city/china/quanzhou/wanan,24.9424,118.6663,112,pm10,107.0,112.0,40.3,7.8,2.6,5.5,17.0,51.0,1018.0,4.6,7.0,,,2025-11-28 19:00:00,+08:00,1764356400,2025-11-28 12:21:27
14306,78.0,2025-11-24 20:43:16,14306,"惠东莲花地,  (惠州市惠东莲花地)",https://aqicn.org/city/guangdong/huizhoushi/huidonglianhuadi,22.99122,114.737797,85,pm25,85.0,54.0,40.7,8.3,5.1,4.6,20.0,56.5,1016.5,0.6,,,,2025-11-28 19:00:00,+08:00,1764356400,2025-11-28 12:21:27
791,76.0,2025-11-24 20:43:16,791,"Sanshuiyun donghai, Foshan (佛山三水云东海)",https://aqicn.org/city/guangdong/fushan/sanshuiyundonghai,23.1886,112.863,76,pm25,76.0,52.0,23.6,17.0,3.1,5.5,17.5,36.5,1018.0,2.0,2.5,,,2025-11-28 19:00:00,+08:00,1764356400,2025-11-28 12:21:27
14476,76.0,2025-11-24 20:43:16,14476,"从化良口, Guangzhou (广州从化良口)",https://aqicn.org/city/guangdong/guangzhou/conghualiangkou,23.7372,113.7861,80,pm25,80.0,50.0,,5.5,3.6,3.7,18.0,34.0,1018.0,1.5,2.0,,,2025-11-28 19:00:00,+08:00,1764356400,2025-11-28 12:21:28
14279,80.0,2025-11-24 20:43:16,14279,"三水南山,  (佛山市三水南山)",https://aqicn.org/city/guangdong/fushanshi/sanshuinanshan,23.530838,112.880875,74,pm25,74.0,51.0,34.6,7.4,0.6,3.7,17.5,36.5,1018.0,2.0,2.5,,,2025-11-28 19:00:00,+08:00,1764356400,2025-11-28 12:21:28
1548,89.0,2025-11-24 20:43:16,1548,Huizhou (惠州),https://aqicn.org/city/huizhou,23.111847,114.416196,76,pm25,76.0,60.0,38.6,15.6,3.1,4.6,20.0,57.0,1016.4,0.6,,,,2025-11-28 19:00:00,+08:00,1764356400,2025-11-28 12:21:29
14291,80.0,2025-11-24 20:43:16,14291,"佛冈沿江,  (清远市佛冈沿江)",https://aqicn.org/city/guangdong/qingyuanshi/fugangyanjiang,23.8825,113.5238,76,pm25,76.0,53.0,26.4,11.0,6.1,6.4,17.5,36.5,1018.0,2.0,2.5,,,2025-11-28 19:00:00,+08:00,1764356400,2025-11-28 12:21:29
14337,89.0,2025-11-24 20:43:16,14337,"北郊,  (江门市北郊)",https://aqicn.org/city/guangdong/jiangmenshi/beijiao,22.2033,112.3425,151,pm25,151.0,93.0,26.0,25.6,4.1,7.3,22.4,28.0,1005.9,4.0,3.0,,,2025-11-28 19:00:00,+08:00,1764356400,2025-11-28 12:21:30
14264,70.0,2025-11-24 20:43:16,14264,"增城荔城,  (广州市增城荔城)",https://aqicn.org/city/guangdong/guangzhoushi/zengchenglicheng,23.2614,113.8051,68,pm25,68.0,48.0,22.8,13.3,2.6,4.6,17.5,36.5,1018.0,2.0,2.5,,,2025-11-28 19:00:00,+08:00,1764356400,2025-11-28 12:21:30
14215,95.0,2025-11-24 20:43:16,14215,"南沙科大,  (广州市南沙科大)",https://aqicn.org/city/guangdong/guangzhoushi/nanshakeda,22.755893,113.617769,89,pm25,89.0,70.0,39.8,17.0,4.1,4.6,19.0,29.0,1017.0,1.5,1.0,,,2025-11-28 19:00:00,+08:00,1764356400,2025-11-28 12:21:30
14263,70.0,2025-11-24 20:43:16,14263,"增城派潭,  (广州市增城派潭)",https://aqicn.org/city/guangdong/guangzhoushi/zengchengpaitan,23.496093,113.790235,95,pm25,95.0,67.0,24.0,11.0,4.6,5.5,17.5,36.5,1018.0,2.0,2.5,,,2025-11-28 19:00:00,+08:00,1764356400,2025-11-28 12:21:31
822,85.0,2025-11-24 20:43:16,822,"Yangtze River tourist area, Zhongshan (中山长江旅游区)",https://aqicn.org/city/guangdong/zhongshan/changjianglvyouqu,22.4886,113.434,72,pm25,72.0,51.0,43.9,8.3,3.1,4.6,17.5,61.0,1017.0,0.2,10.0,,,2025-11-28 19:00:00,+08:00,1764356400,2025-11-28 12:21:31
793,95.0,2025-11-24 20:43:16,793,"Gāomíng kǒngtáng, Foshan (佛山高明孔堂)",https://aqicn.org/city/guangdong/fushan/gaomingkongtang,22.8693,112.844,85,pm25,85.0,61.0,26.9,13.3,3.1,2.8,17.5,36.5,1018.0,2.0,2.5,,,2025-11-28 19:00:00,+08:00,1764356400,2025-11-28 12:21:31
14448,80.0,2025-11-24 20:43:16,14448,"沙头角子站, Shenzhen (盐田区 沙头角街道)",https://aqicn.org/city/shenzhen/shatoujiaozizhan,22.5634,114.2267,68,pm25,68.0,53.0,40.3,8.3,5.1,4.6,20.0,56.0,1016.9,0.6,,,,2025-11-28 19:00:00,+08:00,1764356400,2025-11-28 12:21:31
14356,63.0,2025-11-24 20:43:16,14356,"龙川细坳,  (河源市龙川细坳)",https://aqicn.org/city/guangdong/heyuanshi/longchuanxiao,23.6442,112.7434,53,pm25,53.0,36.0,18.3,1.0,3.6,1.9,17.5,36.5,1018.0,2.0,2.5,,,2025-11-28 19:00:00,+08:00,1764356400,2025-11-28 12:21:31
916,82.0,2025-11-24 20:43:16,916,"Kwai Chung, Shenzhen (宝安区 新安街道)",https://aqicn.org/city/shenzhen/xixiang,22.575856,113.862238,72,pm25,72.0,58.0,38.2,15.1,2.1,3.7,19.0,29.0,1018.0,1.5,1.0,,,2025-11-28 19:00:00,+08:00,1764356400,2025-11-28 12:21:31
14325,82.0,2025-11-24 20:43:16,14325,"电白水东,  (茂名市电白水东)",https://aqicn.org/city/guangdong/maomingshi/dianbaishuidong,21.5165,111.01,82,pm25,82.0,62.0,40.3,6.4,5.6,3.7,21.0,37.9,1009.1,3.0,6.1,,,2025-11-28 19:00:00,+08:00,1764356400,2025-11-28 12:21:33
14278,95.0,2025-11-24 20:43:16,14278,"南海狮山,  (佛山市南海狮山)",https://aqicn.org/city/guangdong/fushanshi/nanhaishishan,23.17846,112.989113,112,pm25,112.0,74.0,9.4,41.2,5.1,3.7,17.5,36.5,1018.0,2.0,2.5,,,2025-11-28 19:00:00,+08:00,1764356400,2025-11-28 12:21:33
930,82.0,2025-11-24 20:43:16,930,"Guangming, Shenzhen (光明区 光明街道)",https://aqicn.org/city/shenzhen/guangming,22.723285,114.417292,68,pm25,68.0,51.0,34.2,8.7,4.1,3.7,20.0,56.0,1016.9,0.6,,,,2025-11-28 19:00:00,+08:00,1764356400,2025-11-28 12:21:33
5506,65.0,2025-11-24 20:43:16,5506,"Viet Tri, Vietnam (Tp Việt Trì)",https://aqicn.org/city/vietnam/viet-tri,21.33847,105.3673,113,pm25,113.0,67.0,19.0,3.0,1.0,5.0,18.0,59.0,1016.0,1.5,10.0,,,2025-11-28 19:00:00,+07:00,1764356400,2025-11-28 12:21:34
14524,70.0,2025-11-24 20:43:16,14524,"青年创业园, Kunming (昆明青年创业园)",https://aqicn.org/city/china/kunming/qingnianchuangyeyuan,24.8336,102.8017,78,pm25,78.0,40.0,32.5,11.5,2.1,4.6,10.0,37.0,1022.0,2.5,-4.0,,,2025-11-28 19:00:00,+08:00,1764356400,2025-11-28 12:21:34
7198,80.0,2025-11-24 20:43:16,7198,"nanjiang No1 middle school, Yulin (玉林南江一中)",https://aqicn.org/city/china/yulin/nanjiangyizhong,22.6164,110.1433,95,pm25,95.0,61.0,32.5,10.1,1.1,6.4,21.5,27.0,999.1,2.0,1.7,99.1,,2025-11-28 19:00:00,+08:00,1764356400,2025-11-28 12:21:34
14293,76.0,2025-11-24 20:43:16,14293,"英德城南,  (清远市英德城南)",https://aqicn.org/city/guangdong/qingyuanshi/yingdechengnan,24.174395,113.41942,102,pm25,102.0,68.0,26.0,12.8,2.6,6.4,17.5,36.5,1018.0,2.0,2.5,,,2025-11-28 19:00:00,+08:00,1764356400,2025-11-28 12:21:34
14315,112.0,2025-11-24 20:43:16,14315,"普宁城北,  (揭阳市普宁城北)",https://aqicn.org/city/guangdong/jieyangshi/puningchengbei,23.30725,116.158694,86,pm10,72.0,86.0,47.6,11.9,1.6,5.5,18.0,59.0,1018.0,2.5,10.0,,,2025-11-28 19:00:00,+08:00,1764356400,2025-11-28 12:21:35
1342,112.0,2025-11-24 20:43:16,1342,"Xiuying Hainan Hospital, Haikou (海口秀英海南医院)",https://aqicn.org/city/china/haikou/xiuyinghainanyiyuan,20.0053,110.283,70,pm25,70.0,54.0,51.3,4.6,4.6,2.0,20.0,56.0,1016.0,3.6,11.0,,,2025-11-28 19:00:00,+08:00,1764356400,2025-11-28 12:21:35
9886,87.0,2025-11-24 20:43:16,9886,"州图书馆, Honghe (红河州州图书馆)",https://aqicn.org/city/china/honghezhou/zhoutushuguan,23.3682,103.3758,122,pm25,122.0,63.0,29.7,11.9,13.2,5.5,16.9,27.1,872.2,1.0,-2.2,,,2025-11-28 19:00:00,+08:00,1764356400,2025-11-28 12:21:36
14472,68.0,2025-11-24 20:43:16,14472,"小漠子站, Shenzhen (深汕合作区 小漠镇)",https://aqicn.org/city/shenzhen/xiaomozizhan,22.78084,115.04496,85,pm25,85.0,56.0,48.4,7.4,4.1,4.6,20.0,56.0,1016.9,0.6,,,,2025-11-28 19:00:00,+08:00,1764356400,2025-11-28 12:21:36
4272,74.0,2025-11-24 20:43:16,4272,"Xincheng Middle School, Shanwei (汕尾新城中学)",https://aqicn.org/city/guangdong/shanwei/xinchengzhongxue,22.7925,115.3622,109,pm25,109.0,78.0,47.6,9.6,2.6,4.6,22.5,28.8,1014.7,2.0,3.5,,,2025-11-28 19:00:00,+08:00,1764356400,2025-11-28 12:21:36
14252,65.0,2025-11-24 20:43:16,14252,"丰顺汤坑,  (梅州市丰顺汤坑)",https://aqicn.org/city/guangdong/meizhoushi/fengshuntangkang,23.4433,116.1057,168,pm25,168.0,71.0,17.9,27.5,5.6,9.1,18.0,59.0,1018.0,2.5,10.0,,,2025-11-28 19:00:00,+08:00,1764356400,2025-11-28 12:21:37
804,104.0,2025-11-24 20:43:16,804,"Guīfēngxi, Jiangmen (江门圭峰西)",https://aqicn.org/city/guangdong/jiangmen/guifengxi,22.5328,113.024,82,pm25,82.0,52.0,37.0,15.1,3.1,3.7,17.5,61.0,1017.0,0.2,10.0,,,2025-11-28 19:00:00,+08:00,1764356400,2025-11-28 12:21:38
3486,70.0,2025-11-24 20:43:16,4256,"Lónghúzi, Shantou (汕头龙湖子站)",https://aqicn.org/city/guangdong/shantou/longhuzizhan,23.3633,116.7244,97,pm25,97.0,84.0,52.6,8.7,4.6,4.6,18.0,59.0,1018.0,2.5,10.0,,,2025-11-28 19:00:00,+08:00,1764356400,2025-11-28 12:21:38
14230,63.0,2025-11-24 20:43:16,14230,"怀集三江口,  (肇庆市怀集三江口)",https://aqicn.org/city/guangdong/zhaoqingshi/huaijisanjiangkou,23.925704,112.173061,129,pm25,129.0,57.0,27.3,11.9,4.6,2.8,21.8,28.0,1001.4,2.0,2.5,,,2025-11-28 19:00:00,+08:00,1764356400,2025-11-28 12:21:38
14271,70.0,2025-11-24 20:43:16,14271,"东莞松山湖,  (东莞市东莞松山湖)",https://aqicn.org/city/guangdong/dongguanshi/dongguansongshanhu,22.925278,113.881944,155,pm25,155.0,86.0,25.6,22.9,4.6,10.0,19.0,29.0,1017.0,1.5,1.0,,,2025-11-28 19:00:00,+08:00,1764356400,2025-11-28 12:21:39
14246,76.0,2025-11-24 20:43:16,14246,"连南城西,  (清远市连南城西)",https://aqicn.org/city/guangdong/qingyuanshi/liannanchengxi,24.719772,112.295012,87,pm25,87.0,52.0,27.7,5.5,3.6,3.7,21.8,28.0,1001.4,2.0,2.5,,,2025-11-28 19:00:00,+08:00,1764356400,2025-11-28 12:21:39
14300,65.0,2025-11-24 20:43:16,14300,"紫金紫城,  (河源市紫金紫城)",https://aqicn.org/city/guangdong/heyuanshi/zijinzicheng,23.644268,115.195303,97,pm25,97.0,40.0,26.9,5.5,2.6,4.6,20.4,26.9,1004.3,3.0,0.7,0.7,,2025-11-28 19:00:00,+08:00,1764356400,2025-11-28 12:21:39
14355,99.0,2025-11-24 20:43:16,14355,"吴川振文,  (湛江市吴川振文)",https://aqicn.org/city/guangdong/zhanjiangshi/wuchuanzhenwen,21.4103,110.7086,82,pm25,82.0,57.0,53.2,6.0,4.6,3.7,21.0,37.9,1009.1,3.0,6.1,,,2025-11-28 19:00:00,+08:00,1764356400,2025-11-28 12:21:40
14346,82.0,2025-11-24 20:43:16,14346,"大亚湾霞涌,  (惠州市大亚湾霞涌)",https://aqicn.org/city/guangdong/huizhoushi/dayawanxiayong,22.775,114.6517,102,pm25,102.0,65.0,29.3,12.4,3.1,6.4,20.0,56.5,1016.5,0.6,,,,2025-11-28 19:00:00,+08:00,1764356400,2025-11-28 12:21:40
14367,91.0,2025-11-24 20:43:16,14367,"天河奥体,  (广州市天河奥体)",https://aqicn.org/city/guangdong/guangzhoushi/tianheaoti,23.1467,113.405,95,pm25,95.0,70.0,23.2,25.6,1.1,5.5,17.5,36.5,1018.0,2.0,2.5,,,2025-11-28 19:00:00,+08:00,1764356400,2025-11-28 12:21:40
4343,89.0,2025-11-24 20:43:16,4343,Yangjiang (阳江),https://aqicn.org/city/yangjiang,21.857958,111.982232,152,pm25,152.0,54.0,43.9,10.6,7.6,6.4,22.4,28.0,1005.9,4.0,,,,2025-11-28 19:00:00,+08:00,1764356400,2025-11-28 12:21:40
14251,65.0,2025-11-24 20:43:16,14251,"海丰牛黄山,  (汕尾市海丰牛黄山)",https://aqicn.org/city/guangdong/shanweishi/haifengniuhuangshan,22.972396,115.324567,54,pm10,46.0,54.0,19.9,14.7,2.1,9.1,22.5,28.8,1014.7,2.0,3.5,,,2025-11-28 19:00:00,+08:00,1764356400,2025-11-28 12:21:40
1659,74.0,2025-11-24 20:43:16,1659,"Magong, Taiwan (馬公)",https://aqicn.org/city/taiwan/magong,23.569031,119.566158,99,pm25,99.0,94.0,42.4,2.9,1.0,1.8,19.8,72.0,1016.9,4.7,15.0,,,2025-11-28 20:00:00,+08:00,1764360000,2025-11-28 12:21:41
14369,104.0,2025-11-24 20:43:16,14369,"白云石井,  (广州市白云石井)",https://aqicn.org/city/guangdong/guangzhoushi/baiyunshijing,23.2264,113.2383,93,pm25,93.0,77.0,4.5,51.4,2.1,6.4,17.5,36.5,1018.0,2.0,2.5,,,2025-11-28 19:00:00,+08:00,1764356400,2025-11-28 12:21:41
14218,72.0,2025-11-24 20:43:16,14218,"罗定罗光,  (云浮市罗定罗光)",https://aqicn.org/city/guangdong/yunfushi/luodingluoguang,22.578889,111.342222,76,pm25,76.0,37.0,33.3,1.9,6.6,3.7,21.5,27.0,999.1,2.0,1.7,99.1,,2025-11-28 19:00:00,+08:00,1764356400,2025-11-28 12:21:41
14324,122.0,2025-11-24 20:43:16,14324,"徐闻东方路,  (湛江市徐闻东方路)",https://aqicn.org/city/guangdong/zhanjiangshi/xuwendongfanglu,20.342398,110.198618,87,pm25,87.0,58.0,48.4,4.2,3.1,5.5,20.0,56.0,1016.0,3.6,11.0,,,2025-11-28 19:00:00,+08:00,1764356400,2025-11-28 12:21:42
7220,95.0,2025-11-24 20:43:16,7220,"City convenient service centers, Wenshan (文山州市便民服务中心)",https://aqicn.org/city/china/wenshanzhou/shibianminfuwuzhongxin,23.3892,104.2319,80,pm25,80.0,39.0,32.1,8.3,1.6,4.6,16.9,27.1,872.2,1.0,-2.2,,,2025-11-28 19:00:00,+08:00,1764356400,2025-11-28 12:21:42
14288,91.0,2025-11-24 20:43:16,14288,"开平卫民,  (江门市开平卫民)",https://aqicn.org/city/guangdong/jiangmenshi/kaipingweimin,22.382749,112.713362,152,pm25,152.0,73.0,33.8,20.6,6.1,5.5,17.5,61.0,1017.0,0.2,10.0,,,2025-11-28 19:00:00,+08:00,1764356400,2025-11-28 12:21:42
14309,68.0,2025-11-24 20:43:16,14309,"潮安庵北,  (潮州市潮安庵北)",https://aqicn.org/city/guangdong/chaozhoushi/chaoananbei,23.467778,116.671944,102,pm25,102.0,98.0,55.8,9.2,4.1,1.9,18.0,59.0,1018.0,2.5,10.0,,,2025-11-28 19:00:00,+08:00,1764356400,2025-11-28 12:21:42
14353,82.0,2025-11-24 20:43:16,14353,"两阳中学,  (阳江市两阳中学)",https://aqicn.org/city/guangdong/yangjiangshi/liangyangzhongxue,21.893,111.977,82,pm25,82.0,68.0,46.3,9.6,5.1,3.7,22.4,28.0,1005.9,4.0,3.0,,,2025-11-28 19:00:00,+08:00,1764356400,2025-11-28 12:21:42
14307,68.0,2025-11-24 20:43:16,14307,"龙门县龙城,  (惠州市龙门县龙城)",https://aqicn.org/city/guangdong/huizhoushi/longmenxianlongcheng,23.736634,114.250945,57,pm25,57.0,50.0,17.9,11.0,3.1,4.6,20.4,26.9,1004.3,3.0,0.7,0.7,,2025-11-28 19:00:00,+08:00,1764356400,2025-11-28 12:21:43
14250,53.0,2025-11-24 20:43:16,14250,"陆丰迎仙桥,  (汕尾市陆丰迎仙桥)",https://aqicn.org/city/guangdong/shanweishi/lufengyingxianqiao,22.944338,115.644099,80,pm25,80.0,40.0,34.2,13.8,3.1,9.1,22.5,28.8,1014.7,2.0,3.5,,,2025-11-28 19:00:00,+08:00,1764356400,2025-11-28 12:21:43
13763,,2025-11-24 20:43:16,13683,"Hưng Yên/Sở TNMT - 437 Nguyễn Văn Linh, Tp Hưng Yên, Vietnam",https://aqicn.org/city/vietnam/hung-yen/so-tnmt-437-nguyen-van-linh--tp-hung-yen,20.661683,106.058761,137,pm10,101.0,137.0,15.0,27.0,6.0,10.0,18.0,59.0,1016.0,1.5,10.0,,,2025-11-28 19:00:00,+07:00,1764356400,2025-11-28 12:21:43
14310,72.0,2025-11-24 20:43:16,14310,"饶平城北,  (潮州市饶平城北)",https://aqicn.org/city/guangdong/chaozhoushi/raopingchengbei,23.686944,117.0075,99,pm25,99.0,87.0,53.2,6.4,1.1,2.8,18.0,59.0,1018.0,2.5,10.0,,,2025-11-28 19:00:00,+08:00,1764356400,2025-11-28 12:21:44
14304,72.0,2025-11-24 20:43:16,14304,"兴宁南坛,  (梅州市兴宁南坛)",https://aqicn.org/city/guangdong/meizhoushi/xingningnantan,24.81406,115.435232,124,pm25,124.0,53.0,30.5,9.2,3.6,5.5,17.9,27.1,981.7,1.0,-1.3,,,2025-11-28 19:00:00,+08:00,1764356400,2025-11-28 12:21:44
14220,89.0,2025-11-24 20:43:16,14220,"丰顺八乡山,  (梅州市丰顺八乡山)",https://aqicn.org/city/guangdong/meizhoushi/fengshunbaxiangshan,23.462,115.5754,99,pm25,99.0,49.0,33.8,4.6,3.6,5.5,18.0,59.0,1018.0,2.5,10.0,,,2025-11-28 19:00:00,+08:00,1764356400,2025-11-28 12:21:44
7188,91.0,2025-11-24 20:43:16,7188,"dàhǎi huāyuán, Fangchenggang (防城港大海花园)",https://aqicn.org/city/china/fangchenggang/dahaihuayuan,21.6414,108.3506,82,pm25,82.0,54.0,42.3,9.2,3.1,4.6,23.2,35.3,1014.5,1.0,7.0,,,2025-11-28 19:00:00,+08:00,1764356400,2025-11-28 12:21:44
7036,78.0,2025-11-24 20:43:16,7036,"yú hú, Jieyang (揭阳渔湖)",https://aqicn.org/city/guangdong/jieyang/yuhu,23.5292,116.4094,114,pm25,114.0,81.0,39.4,16.5,3.1,7.3,18.0,59.0,1018.0,2.5,10.0,,,2025-11-28 19:00:00,+08:00,1764356400,2025-11-28 12:21:44
4293,104.0,2025-11-24 20:43:16,4293,"Mazhang EPA, Zhanjiang (湛江麻章区环保局)",https://aqicn.org/city/guangdong/zhanjiang/mazhangquhuanbaoju,21.2679,110.3316,95,pm25,95.0,61.0,45.1,12.4,2.1,4.6,21.0,37.9,1009.1,3.0,6.1,,,2025-11-28 19:00:00,+08:00,1764356400,2025-11-28 12:21:44
14350,82.0,2025-11-24 20:43:16,14350,"中山南区,  (中山市中山南区)",https://aqicn.org/city/guangdong/zhongshanshi/zhongshannanqu,22.4777,113.3536,72,pm25,72.0,63.0,46.8,13.8,3.1,3.7,17.5,61.0,1017.0,0.2,10.0,,,2025-11-28 19:00:00,+08:00,1764356400,2025-11-28 12:21:44
1658,85.0,2025-11-24 20:43:16,1658,"Kinmen, Taiwan (金門)",https://aqicn.org/city/taiwan/kinmen,24.432133,118.312256,112,pm25,112.0,88.0,43.7,9.6,2.6,2.8,16.5,51.0,1018.0,6.5,7.0,,,2025-11-28 20:00:00,+08:00,1764360000,2025-11-28 12:21:45
4341,85.0,2025-11-24 20:43:16,4341,Meizhou (梅州),https://aqicn.org/city/meizhou,24.288615,116.122239,122,pm25,122.0,58.0,30.1,22.9,3.1,7.3,18.0,59.0,1018.0,2.5,,,,2025-11-28 19:00:00,+08:00,1764356400,2025-11-28 12:21:46
7199,76.0,2025-11-24 20:43:16,7199,"City Monitoring Station, Baise (百色市监测站)",https://aqicn.org/city/china/baise/shijiancezhan,23.9011,106.6103,87,pm25,87.0,47.0,17.1,9.6,5.6,5.5,22.1,38.0,997.5,2.0,7.1,,,2025-11-28 19:00:00,+08:00,1764356400,2025-11-28 12:21:47
14470,74.0,2025-11-24 20:43:16,14470,"较场尾, Shenzhen (大鹏新区 大鹏街道)",https://aqicn.org/city/shenzhen/jiaochangwei,22.598801,114.515576,76,pm25,76.0,55.0,36.6,8.7,4.1,4.6,20.0,56.0,1016.9,0.6,,,,2025-11-28 19:00:00,+08:00,1764356400,2025-11-28 12:21:47
14360,122.0,2025-11-24 20:43:16,14360,"沙湖,  (江门市沙湖)",https://aqicn.org/city/guangdong/jiangmenshi/shahu,22.3517,112.4686,132,pm25,132.0,71.0,28.1,22.4,7.6,4.6,20.8,30.0,1013.2,4.0,2.6,,,2025-11-28 19:00:00,+08:00,1764356400,2025-11-28 12:21:47
14329,89.0,2025-11-24 20:43:16,14329,"信宜六谢,  (茂名市信宜六谢)",https://aqicn.org/city/guangdong/maomingshi/xinyiliuxie,22.349098,110.935868,65,pm25,65.0,49.0,37.0,7.4,4.6,3.7,21.5,27.0,999.1,2.0,1.7,99.1,,2025-11-28 19:00:00,+08:00,1764356400,2025-11-28 12:21:47
14518,65.0,2025-11-24 20:43:16,14518,"Puer No2 middle school, Pu'er (普洱普洱第二中学)",https://aqicn.org/city/china/puer/puerdierzhongxue,22.8322,100.9817,112,pm25,112.0,49.0,24.4,9.2,2.6,3.7,18.6,36.9,860.2,3.0,3.6,,,2025-11-28 19:00:00,+08:00,1764356400,2025-11-28 12:21:48
14402,112.0,2025-11-24 20:43:16,14361,"Jiangdong,  (河源市江东)",https://aqicn.org/city/guangdong/heyuanshi/jiangdong,23.7506,114.7389,65,pm25,65.0,52.0,33.8,3.2,3.1,4.6,20.4,26.9,1004.3,3.0,0.7,0.7,,2025-11-28 19:00:00,+08:00,1764356400,2025-11-28 12:21:48
14255,72.0,2025-11-24 20:43:16,14255,"乳源乳城,  (韶关市乳源乳城)",https://aqicn.org/city/guangdong/shaoguanshi/ruyuanrucheng,24.775104,113.284707,76,pm25,76.0,33.0,25.2,2.8,2.1,5.5,20.1,30.0,1003.9,2.0,2.0,,,2025-11-28 19:00:00,+08:00,1764356400,2025-11-28 12:21:48
14409,76.0,2025-11-24 20:43:16,14409,"梅江月梅,  (梅州市梅江月梅)",https://aqicn.org/city/guangdong/meizhoushi/meijiangyuemei,24.3289,116.1278,114,pm25,114.0,52.0,26.4,12.8,3.1,5.5,18.0,59.0,1018.0,2.5,10.0,,,2025-11-28 19:00:00,+08:00,1764356400,2025-11-28 12:21:49
1378,85.0,2025-11-24 20:43:16,1378,"Chenggong New Area, Kunming (昆明呈贡新区)",https://aqicn.org/city/china/kunming/chenggongxinqu,24.8885,102.821,157,pm25,157.0,24.0,40.7,17.9,3.1,8.2,10.0,37.0,1022.0,2.5,-4.0,,,2025-11-28 19:00:00,+08:00,1764356400,2025-11-28 12:21:49
14314,80.0,2025-11-24 20:43:16,14314,"揭西河婆,  (揭阳市揭西河婆)",https://aqicn.org/city/guangdong/jieyangshi/jiexihepo,23.451721,115.861473,151,pm25,151.0,59.0,19.1,22.9,3.6,6.4,18.0,59.0,1018.0,2.5,10.0,,,2025-11-28 19:00:00,+08:00,1764356400,2025-11-28 12:21:49
14245,63.0,2025-11-24 20:43:16,14245,"连山广德,  (清远市连山广德)",https://aqicn.org/city/guangdong/qingyuanshi/lianshanguangde,24.572861,112.105194,95,pm25,95.0,40.0,15.1,14.2,3.1,4.6,21.8,28.0,1001.4,2.0,2.5,,,2025-11-28 19:00:00,+08:00,1764356400,2025-11-28 12:21:50
1333,93.0,2025-11-24 20:43:16,1333,"Běihú, Nanning (南宁北湖)",https://aqicn.org/city/china/nanning/beihu,22.8561,108.316,114,pm25,114.0,62.0,28.9,19.7,4.6,6.4,15.0,67.0,1016.0,0.5,9.0,,,2025-11-28 19:00:00,+08:00,1764356400,2025-11-28 12:21:50
14305,93.0,2025-11-24 20:43:16,14305,"博罗罗阳,  (惠州市博罗罗阳)",https://aqicn.org/city/guangdong/huizhoushi/boluoluoyang,23.174541,114.293803,85,pm25,85.0,58.0,36.6,8.7,4.1,5.5,20.0,56.5,1016.5,0.6,,,,2025-11-28 19:00:00,+08:00,1764356400,2025-11-28 12:21:50
917,85.0,2025-11-24 20:43:16,917,"Songgang, Shenzhen (宝安区 松岗街道)",https://aqicn.org/city/shenzhen/songgang,22.764405,113.848641,74,pm25,74.0,57.0,35.0,19.7,4.1,4.6,19.0,29.0,1018.0,1.5,1.0,,,2025-11-28 19:00:00,+08:00,1764356400,2025-11-28 12:21:51
14239,89.0,2025-11-24 20:43:16,14239,"新丰丰城,  (韶关市新丰丰城)",https://aqicn.org/city/guangdong/shaoguanshi/xinfengfengcheng,24.064879,114.232013,95,pm25,95.0,68.0,13.5,16.0,15.2,5.5,18.0,31.0,983.9,4.0,0.6,,,2025-11-28 19:00:00,+08:00,1764356400,2025-11-28 12:21:52
14217,80.0,2025-11-24 20:43:16,14217,"台山端芬,  (江门市台山端芬)",https://aqicn.org/city/guangdong/jiangmenshi/taishanduanfen,22.0608,112.607,114,pm25,114.0,71.0,30.9,17.0,4.1,3.7,20.8,30.0,1013.2,4.0,2.6,,,2025-11-28 19:00:00,+08:00,1764356400,2025-11-28 12:21:52
14238,74.0,2025-11-24 20:43:16,14238,"陆河河田,  (汕尾市陆河河田)",https://aqicn.org/city/guangdong/shanweishi/luhehetian,23.1819,115.40912,63,pm25,63.0,60.0,22.0,12.4,2.6,9.1,22.5,28.8,1014.7,2.0,3.5,,,2025-11-28 19:00:00,+08:00,1764356400,2025-11-28 12:21:52
14225,63.0,2025-11-24 20:43:16,14225,"封开府前,  (肇庆市封开府前)",https://aqicn.org/city/guangdong/zhaoqingshi/fengkaifuqian,23.425061,111.515576,63,pm25,63.0,58.0,16.7,18.3,4.1,6.4,20.5,28.1,1004.1,1.0,1.4,,,2025-11-28 19:00:00,+08:00,1764356400,2025-11-28 12:21:53
14317,72.0,2025-11-24 20:43:16,14317,"阳春城东,  (阳江市阳春城东)",https://aqicn.org/city/guangdong/yangjiangshi/yangchunchengdong,22.177671,111.804279,109,pm25,109.0,63.0,37.8,8.7,5.1,6.4,22.4,28.0,1005.9,4.0,3.0,,,2025-11-28 19:00:00,+08:00,1764356400,2025-11-28 12:21:53
7219,102.0,2025-11-24 20:43:16,7219,"State Water Authority, Wenshan (文山州州水务局)",https://aqicn.org/city/china/wenshanzhou/zhoushuiwuju,23.3594,104.2533,93,pm25,93.0,45.0,32.1,9.2,3.1,2.8,16.9,27.1,872.2,1.0,-2.2,,,2025-11-28 19:00:00,+08:00,1764356400,2025-11-28 12:21:53
14241,72.0,2025-11-24 20:43:16,14241,"大埔湖寮,  (梅州市大埔湖寮)",https://aqicn.org/city/guangdong/meizhoushi/dapuhuliao,24.210664,116.411486,162,pm25,162.0,45.0,15.9,12.4,2.1,8.2,18.0,59.0,1018.0,2.5,10.0,,,2025-11-28 19:00:00,+08:00,1764356400,2025-11-28 12:21:53
801,61.0,2025-11-24 20:43:16,801,"Shuāngqiáo, Jiangmen (江门双桥)",https://aqicn.org/city/guangdong/jiangmen/shuangqiao,22.5862,112.5814,89,pm25,89.0,69.0,26.9,13.8,3.1,4.6,19.5,27.0,1009.5,3.0,0.0,,,2025-11-28 19:00:00,+08:00,1764356400,2025-11-28 12:21:54
14240,91.0,2025-11-24 20:43:16,14240,"翁源龙仙,  (韶关市翁源龙仙)",https://aqicn.org/city/guangdong/shaoguanshi/wengyuanlongxian,24.362844,114.143038,142,pm25,142.0,71.0,10.6,22.9,4.1,10.0,18.0,31.0,983.9,4.0,0.6,,,2025-11-28 19:00:00,+08:00,1764356400,2025-11-28 12:21:54
14357,63.0,2025-11-24 20:43:16,14357,"四会威整,  (肇庆市四会威整)",https://aqicn.org/city/guangdong/zhaoqingshi/sihuiweizheng,24.6969,115.1909,72,pm25,72.0,53.0,15.9,7.8,2.1,2.8,17.9,27.1,981.7,1.0,-1.3,,,2025-11-28 19:00:00,+08:00,1764356400,2025-11-28 12:21:54
1502,82.0,2025-11-24 20:43:16,1502,Quanzhou (泉州),https://aqicn.org/city/quanzhou,24.874699,118.675464,114,pm25,114.0,114.0,40.7,11.5,2.6,5.5,17.0,51.0,1018.0,4.6,,,,2025-11-28 19:00:00,+08:00,1764356400,2025-11-28 12:21:55
4692,74.0,2025-11-24 20:43:16,4692,"Chaonanzi Station, Shantou (汕头潮南子站)",https://aqicn.org/city/china/shantou/chaonanzizhan,23.2536,116.4019,109,pm25,109.0,94.0,48.4,11.9,3.6,4.6,18.0,59.0,1018.0,2.5,10.0,,,2025-11-28 19:00:00,+08:00,1764356400,2025-11-28 12:21:55
14296,80.0,2025-11-24 20:43:16,14296,"连平连中,  (河源市连平连中)",https://aqicn.org/city/guangdong/heyuanshi/lianpinglianzhong,24.375277,114.473055,95,pm25,95.0,41.0,25.2,2.8,3.6,3.7,18.0,31.0,983.9,4.0,0.6,,,2025-11-28 19:00:00,+08:00,1764356400,2025-11-28 12:21:56
14319,87.0,2025-11-24 20:43:16,14319,"阳西城区,  (阳江市阳西城区)",https://aqicn.org/city/guangdong/yangjiangshi/yangxichengqu,21.756039,111.613483,87,pm25,87.0,58.0,41.5,8.7,4.1,5.5,22.4,28.0,1005.9,4.0,3.0,,,2025-11-28 19:00:00,+08:00,1764356400,2025-11-28 12:21:56
14384,122.0,2025-11-24 20:43:16,14384,"高明更合,  (佛山市高明更合)",https://aqicn.org/city/guangdong/fushanshi/gaominggenghe,22.8051,112.5151,149,pm25,149.0,81.0,9.4,33.4,10.2,10.0,19.5,27.0,1009.5,3.0,0.0,,,2025-11-28 19:00:00,+08:00,1764356400,2025-11-28 12:21:56
7205,91.0,2025-11-24 20:43:16,7205,"shì jí kòng zhōngxīn, Hechi (河池市疾控中心)",https://aqicn.org/city/china/hechi/shijikongzhongxin,24.6967,108.1009,151,pm25,151.0,71.0,5.7,23.4,3.6,6.4,22.9,21.0,985.3,2.0,-0.6,,,2025-11-28 19:00:00,+08:00,1764356400,2025-11-28 12:21:56
14320,89.0,2025-11-24 20:43:16,14320,"雷州朝南,  (湛江市雷州朝南)",https://aqicn.org/city/guangdong/zhanjiangshi/leizhouchaonan,20.913124,110.105929,85,pm25,85.0,56.0,39.0,8.3,3.6,5.5,21.0,37.9,1009.1,3.0,6.1,,,2025-11-28 19:00:00,+08:00,1764356400,2025-11-28 12:21:57
14331,80.0,2025-11-24 20:43:16,14331,"高要湖西,  (肇庆市高要湖西)",https://aqicn.org/city/guangdong/zhaoqingshi/gaoyaohuxi,23.0166,112.4575,72,pm25,72.0,52.0,26.0,14.7,3.6,4.6,17.5,36.5,1018.0,2.0,2.5,,,2025-11-28 19:00:00,+08:00,1764356400,2025-11-28 12:21:57
14399,74.0,2025-11-24 20:43:16,14399,"高明富湾,  (佛山市高明富湾)",https://aqicn.org/city/guangdong/fushanshi/gaomingfuwan,23.0015,112.8441,82,pm25,82.0,74.0,21.2,24.3,6.1,7.3,17.5,36.5,1018.0,2.0,2.5,,,2025-11-28 19:00:00,+08:00,1764356400,2025-11-28 12:21:57
1567,78.0,2025-11-24 20:43:16,1567,Yuxi (玉溪),https://aqicn.org/city/yuxi,24.352036,102.546543,63,pm25,63.0,39.0,34.2,13.8,2.1,5.5,10.0,37.0,1022.0,2.5,,99.2,,2025-11-28 19:00:00,+08:00,1764356400,2025-11-28 12:21:58
4294,107.0,2025-11-24 20:43:16,4294,"Potou District EPB, Zhanjiang (湛江坡头区环保局)",https://aqicn.org/city/guangdong/zhanjiang/potouquhuanbaoju,21.2567,110.4558,104,pm25,104.0,62.0,48.0,5.5,4.6,4.6,21.0,37.9,1009.1,3.0,6.1,,,2025-11-28 19:00:00,+08:00,1764356400,2025-11-28 12:21:58
12916,72.0,2025-11-24 20:43:16,12916,"Island/Taipower Guoyeh, Taiwan",https://aqicn.org/city/taiwan/island/taipower-guoyeh,23.57886111,119.6763056,85,pm10,82.0,85.0,,,,,19.8,71.0,1016.3,4.5,15.0,,,2025-11-28 19:00:00,+08:00,1764356400,2025-11-28 12:21:58
7185,80.0,2025-11-24 20:43:16,7185,"lóng xīn, Wuzhou (梧州龙新)",https://aqicn.org/city/china/wuzhou/longxin,23.4794,111.26,65,pm10,53.0,65.0,8.2,25.6,3.1,8.2,20.5,28.1,1004.1,1.0,1.4,,,2025-11-28 19:00:00,+08:00,1764356400,2025-11-28 12:21:58
2568,72.0,2025-11-24 20:43:16,2568,"Tung Chung, HongKong (東涌)",https://aqicn.org/city/hongkong/tung-chung,22.288916,113.9435389,71,pm25,71.0,43.0,9.6,21.3,0.5,5.7,19.0,43.5,1017.0,1.8,6.5,,,2025-11-28 19:00:00,+08:00,1764356400,2025-11-28 12:21:59
4339,87.0,2025-11-24 20:43:16,4339,Jieyang (揭阳),https://aqicn.org/city/jieyang,23.549993,116.372831,171,pm25,171.0,109.0,42.3,19.7,5.6,8.2,18.0,59.0,1018.0,2.5,,,,2025-11-28 19:00:00,+08:00,1764356400,2025-11-28 12:21:59
7556,99.0,2025-11-24 20:43:16,7556,"Sewage treatment plant, Honghe (红河州污水处理厂)",https://aqicn.org/city/china/honghezhou/wushuichulichang,23.3993,103.3772,127,pm25,127.0,63.0,33.8,15.1,11.7,1.9,16.9,27.1,872.2,1.0,-2.2,,,2025-11-28 19:00:00,+08:00,1764356400,2025-11-28 12:21:59
3928,95.0,2025-11-24 20:43:16,3928,"Tuen Mun, HongKong (屯門)",https://aqicn.org/city/hongkong/tuen-mun,22.390373,113.97628,80,pm25,80.0,53.0,41.2,29.9,3.1,4.6,22.7,34.0,1016.5,1.2,,,,2025-11-28 19:00:00,+08:00,1764356400,2025-11-28 12:22:00
9848,89.0,2025-11-24 20:43:16,9848,"shì bāshí liù zhōng, Guangzhou (广州市八十六中)",https://aqicn.org/city/guangdong/guangzhou/shibashiliuzhong,23.105,113.433,95,pm25,95.0,58.0,21.2,26.6,3.6,3.7,17.5,36.5,1018.0,2.0,2.5,,,2025-11-28 19:00:00,+08:00,1764356400,2025-11-28 12:22:00
14219,114.0,2025-11-24 20:43:16,14219,"徐闻海安,  (湛江市徐闻海安)",https://aqicn.org/city/guangdong/zhanjiangshi/xuwenhaian,20.521388,110.314666,85,pm25,85.0,51.0,47.2,6.0,3.6,3.7,20.0,56.0,1016.0,3.6,11.0,,,2025-11-28 19:00:00,+08:00,1764356400,2025-11-28 12:22:01
14459,87.0,2025-11-24 20:43:16,14459,"龙田子站, Shenzhen (坪山区 龙田街道)",https://aqicn.org/city/shenzhen/longtianzizhan,22.72666,114.359167,80,pm25,80.0,58.0,28.9,32.5,3.1,3.7,20.0,56.0,1016.9,0.6,,,,2025-11-28 19:00:00,+08:00,1764356400,2025-11-28 12:22:01
3450,74.0,2025-11-24 20:43:16,3450,"Hexi water supply company, Liuzhou (柳州河西水厂)",https://aqicn.org/city/china/liuzhou/hexishuichang,24.3406,109.3886,85,pm25,85.0,52.0,29.7,11.9,3.1,3.7,21.4,27.0,980.5,1.0,1.6,,,2025-11-28 19:00:00,+08:00,1764356400,2025-11-28 12:22:01
14412,82.0,2025-11-24 20:43:16,14412,"南城元美,  (东莞市南城元美)",https://aqicn.org/city/guangdong/dongguanshi/nanchengyuanmei,23.0206,113.7506,85,pm25,85.0,52.0,30.1,16.0,3.6,8.2,19.0,29.0,1017.0,1.5,1.0,,,2025-11-28 19:00:00,+08:00,1764356400,2025-11-28 12:22:01
14301,76.0,2025-11-24 20:43:16,14301,"蕉岭镇山,  (梅州市蕉岭镇山)",https://aqicn.org/city/guangdong/meizhoushi/jiaolingzhenshan,24.394411,116.10794,87,pm25,87.0,48.0,19.9,13.8,6.1,5.5,19.5,34.0,1003.1,1.0,3.2,,,2025-11-28 19:00:00,+08:00,1764356400,2025-11-28 12:22:02
14295,89.0,2025-11-24 20:43:16,14295,"和平新华,  (河源市和平新华)",https://aqicn.org/city/guangdong/heyuanshi/hepingxinhua,24.407083,114.939138,81,pm10,61.0,81.0,13.5,22.0,1.1,13.6,18.0,31.0,983.9,4.0,0.6,,,2025-11-28 19:00:00,+08:00,1764356400,2025-11-28 12:22:02
14410,40.0,2025-11-24 20:43:16,14410,"南澳后宅,  (汕头市南澳后宅)",https://aqicn.org/city/guangdong/shantoushi/nanaohouzhai,23.428056,117.018611,98,pm10,80.0,98.0,56.5,4.2,1.6,3.7,18.0,59.0,1018.0,2.5,10.0,,,2025-11-28 19:00:00,+08:00,1764356400,2025-11-28 12:22:04
14322,117.0,2025-11-24 20:43:16,14322,"遂溪建设,  (湛江市遂溪建设)",https://aqicn.org/city/guangdong/zhanjiangshi/suixijianshe,21.382778,110.247778,99,pm25,99.0,65.0,32.9,23.8,7.6,9.1,21.0,37.9,1009.1,3.0,6.1,,,2025-11-28 19:00:00,+08:00,1764356400,2025-11-28 12:22:04
14397,87.0,2025-11-24 20:43:16,14397,"祥龙,  (江门市祥龙)",https://aqicn.org/city/guangdong/jiangmenshi/xianglong,22.3557,112.677,99,pm25,99.0,68.0,33.8,22.0,4.6,5.5,17.5,61.0,1017.0,0.2,10.0,,,2025-11-28 19:00:00,+08:00,1764356400,2025-11-28 12:22:05
2571,92.0,2025-11-24 20:43:16,2571,"Central, HongKong (中環)",https://aqicn.org/city/hongkong/central,22.2796569,114.1719873,85,pm25,85.0,51.0,17.5,54.4,3.1,3.0,16.2,56.8,1017.2,0.1,,,,2025-11-28 19:00:00,+08:00,1764356400,2025-11-28 12:22:05
14302,57.0,2025-11-24 20:43:16,14302,"平远大道,  (梅州市平远大道)",https://aqicn.org/city/guangdong/meizhoushi/pingyuandadao,24.334994,115.533932,76,pm25,76.0,41.0,28.5,9.2,3.1,6.4,19.5,34.0,1003.1,1.0,3.2,,,2025-11-28 19:00:00,+08:00,1764356400,2025-11-28 12:22:05
7186,87.0,2025-11-24 20:43:16,7186,"shā wàn, Fangchenggang (防城港沙万)",https://aqicn.org/city/china/fangchenggang/shawan,21.6158,108.3411,82,pm25,82.0,46.0,39.0,7.8,3.1,3.7,23.2,35.3,1014.5,1.0,7.0,,,2025-11-28 19:00:00,+08:00,1764356400,2025-11-28 12:22:05
781,82.0,2025-11-24 20:43:16,781,"Tianhu, Guangzhou (广州天湖)",https://aqicn.org/city/guangdong/guangzhou/tianhu,23.6502,113.6246,65,pm25,65.0,30.0,39.8,3.2,3.1,4.6,17.5,36.5,1018.0,2.0,2.5,,,2025-11-28 19:00:00,+08:00,1764356400,2025-11-28 12:22:06
7200,102.0,2025-11-24 20:43:16,7200,"Blood Center, Baise (百色市中心血站)",https://aqicn.org/city/china/baise/shizhongxinxuezhan,23.8844,106.6527,124,pm25,124.0,65.0,9.0,30.2,4.6,8.2,22.1,38.0,997.5,2.0,7.1,,,2025-11-28 19:00:00,+08:00,1764356400,2025-11-28 12:22:06
3489,82.0,2025-11-24 20:43:16,3489,"Forest area, Shaoguan (韶关园林处)",https://aqicn.org/city/china/shaoguan/yuanlinchu,24.795928,113.598061,132,pm25,132.0,66.0,11.8,29.3,4.6,6.4,20.1,30.0,1003.9,2.0,2.0,,,2025-11-28 19:00:00,+08:00,1764356400,2025-11-28 12:22:06
4282,85.0,2025-11-24 20:43:16,4282,"Xiyuan Road, Chaozhou (潮州西园路)",https://aqicn.org/city/guangdong/chaozhou/xiyuanlu,23.6714,116.6339,117,pm25,117.0,101.0,48.0,12.8,3.6,4.6,18.0,59.0,1018.0,2.5,10.0,,,2025-11-28 19:00:00,+08:00,1764356400,2025-11-28 12:22:07
7189,50.0,2025-11-24 20:43:16,7189,"City EPA station, Qinzhou (钦州市环保站)",https://aqicn.org/city/china/qinzhou/shihuanbaozhan,21.9667,108.6236,91,pm25,91.0,74.0,28.9,17.4,2.1,5.5,15.0,67.0,1016.0,0.5,9.0,,,2025-11-28 19:00:00,+08:00,1764356400,2025-11-28 12:22:08
14267,87.0,2025-11-24 20:43:16,14267,"始兴丹凤,  (韶关市始兴丹凤)",https://aqicn.org/city/guangdong/shaoguanshi/shixingdanfeng,24.959292,114.070703,112,pm25,112.0,63.0,32.5,8.3,4.6,5.5,20.1,30.0,1003.9,2.0,2.0,,,2025-11-28 19:00:00,+08:00,1764356400,2025-11-28 12:22:08
14234,89.0,2025-11-24 20:43:16,14234,"高栏港,  (珠海市高栏港)",https://aqicn.org/city/guangdong/zhuhaishi/gaolangang,21.9391,113.2308,78,pm25,78.0,57.0,53.9,16.0,3.1,4.6,17.5,61.0,1017.0,0.2,10.0,,,2025-11-28 19:00:00,+08:00,1764356400,2025-11-28 12:22:08
7217,68.0,2025-11-24 20:43:16,7217,"City EPA, Lincang (临沧市环保局)",https://aqicn.org/city/china/lincang/shihuanbaoju,23.8822,100.0869,72,pm25,72.0,56.0,20.4,11.9,2.6,8.2,18.9,31.0,837.0,3.0,1.4,,,2025-11-28 18:00:00,+08:00,1764352800,2025-11-28 12:22:09
7191,93.0,2025-11-24 20:43:16,7191,"gǎng qū yī xiǎo, Qinzhou (钦州港区一小)",https://aqicn.org/city/china/qinzhou/gangquyixiao,21.7431,108.5989,89,pm25,89.0,83.0,24.0,26.1,3.1,3.7,22.4,29.0,1009.6,3.0,3.5,,,2025-11-28 19:00:00,+08:00,1764356400,2025-11-28 12:22:09
9857,80.0,2025-11-24 20:43:16,9857,"xīnshì fǔ, Yunfu (云浮新市府)",https://aqicn.org/city/guangdong/yunfu/xinshifu,22.9169,112.0392,82,pm25,82.0,31.0,24.0,10.1,3.1,1.9,19.5,27.0,1009.5,3.0,0.0,,,2025-11-28 19:00:00,+08:00,1764356400,2025-11-28 12:22:10
7195,61.0,2025-11-24 20:43:16,7195,"hé chéngzi zhàn, Guigang (贵港荷城子站)",https://aqicn.org/city/china/guigang/hechengzizhan,23.1036,109.5683,82,pm25,82.0,58.0,25.2,11.0,2.6,5.5,19.2,35.1,1000.7,3.0,3.4,,,2025-11-28 19:00:00,+08:00,1764356400,2025-11-28 12:22:10
4265,91.0,2025-11-24 20:43:16,4265,"Petrochemical No. 7 elementaty school, Maoming (茂名茂石化七小)",https://aqicn.org/city/guangdong/maoming/maoshihuaqixiao,21.6533,110.9294,82,pm25,82.0,70.0,30.9,14.2,6.1,8.2,21.5,27.0,999.1,2.0,1.7,99.1,,2025-11-28 19:00:00,+08:00,1764356400,2025-11-28 12:22:10
4338,85.0,2025-11-24 20:43:16,4338,Chaozhou (潮州),https://aqicn.org/city/chaozhou,23.65695,116.622604,117,pm25,117.0,101.0,48.0,12.8,3.6,4.6,18.0,59.0,1018.0,2.5,,,,2025-11-28 19:00:00,+08:00,1764356400,2025-11-28 12:22:10
3514,80.0,2025-11-24 20:43:16,3514,Qingyuan (清远),https://aqicn.org/city/qingyuan,23.681764,113.056031,82,pm25,82.0,50.0,31.7,19.7,5.6,5.5,17.5,36.5,1018.0,2.0,,,,2025-11-28 19:00:00,+08:00,1764356400,2025-11-28 12:22:11
1540,89.0,2025-11-24 20:43:16,1540,Zhuhai (珠海),https://aqicn.org/city/zhuhai,22.270715,113.576726,139,pm25,139.0,67.0,57.8,30.7,4.6,3.7,19.0,59.0,1017.0,1.5,,,,2025-11-28 19:00:00,+08:00,1764356400,2025-11-28 12:22:11
3423,78.0,2025-11-24 20:43:16,3423,"Jīntóu bù, Quanzhou (泉州津头埔)",https://aqicn.org/city/china/quanzhou/jintoupu,24.8978,118.5972,114,pm10,114.0,114.0,37.4,11.5,2.6,5.5,17.0,51.0,1018.0,4.6,7.0,,,2025-11-28 19:00:00,+08:00,1764356400,2025-11-28 12:22:12
14641,77.0,2025-11-24 20:43:16,14641,"Thái Bình/Trạm quan trắc khí tại Thái Thụy, Vietnam",https://aqicn.org/city/vietnam/thai-binh/tram-quan-trac-khi-tai-thai-thuy,20.461641,106.516972,83,pm25,83.0,69.0,,,,,24.4,37.1,1015.1,2.0,8.8,,,2025-11-28 19:00:00,+07:00,1764356400,2025-11-28 12:22:12
14243,68.0,2025-11-24 20:43:16,14243,"阳山城北,  (清远市阳山城北)",https://aqicn.org/city/guangdong/qingyuanshi/yangshanchengbei,24.477909,112.642972,85,pm25,85.0,54.0,20.8,10.1,2.6,3.7,21.8,28.0,1001.4,2.0,2.5,,,2025-11-28 19:00:00,+08:00,1764356400,2025-11-28 12:22:12
14299,76.0,2025-11-24 20:43:16,14299,"龙川老隆,  (河源市龙川老隆)",https://aqicn.org/city/guangdong/heyuanshi/longchuanlaolong,24.111183,115.283371,63,pm10,61.0,63.0,14.7,18.8,1.6,2.8,20.4,26.9,1004.3,3.0,0.7,0.7,,2025-11-28 19:00:00,+08:00,1764356400,2025-11-28 12:22:12
13684,126.0,2025-11-24 20:43:16,12957,"Bắc Ninh/Khu liên cơ Thuận Thành, Vietnam",https://aqicn.org/city/vietnam/bac-ninh/khu-lien-co-thuan-thanh,21.0272212,106.0342099,45,pm10,32.0,45.0,14.0,45.0,7.0,6.0,18.0,59.0,1016.0,1.5,10.0,,,2025-11-28 19:00:00,+07:00,1764356400,2025-11-28 12:22:13
1335,65.0,2025-11-24 20:43:16,1335,"Daziran Garden, Nanning (南宁大自然花园)",https://aqicn.org/city/china/nanning/daziranhuayuan,22.805,108.383,102,pm25,102.0,64.0,10.2,35.7,4.1,5.5,15.0,67.0,1016.0,0.5,9.0,,,2025-11-28 19:00:00,+08:00,1764356400,2025-11-28 12:22:13
14308,76.0,2025-11-24 20:43:16,14308,"仲恺陈江,  (惠州市仲恺陈江)",https://aqicn.org/city/guangdong/huizhoushi/zhongkaichenjiang,23.013941,114.325313,74,pm25,74.0,59.0,28.1,20.6,2.6,3.7,20.0,56.5,1016.5,0.6,,,,2025-11-28 19:00:00,+08:00,1764356400,2025-11-28 12:22:14
14464,93.0,2025-11-24 20:43:16,14464,"石岩子站, Shenzhen (宝安区 石岩街道)",https://aqicn.org/city/shenzhen/shiyanzizhan,22.677317,113.950139,87,pm25,87.0,53.0,34.6,21.1,3.1,5.5,19.0,29.0,1018.0,1.5,1.0,,,2025-11-28 19:00:00,+08:00,1764356400,2025-11-28 12:22:14
12961,13.0,2025-11-24 20:43:16,12961,"Bắc Ninh/TT Quan trắc - phường Suối Hoa - TP Bắc Ninh, Vietnam",https://aqicn.org/city/vietnam/bac-ninh/tt-quan-trac-phuong-suoi-hoa-tp-bac-ninh,21.1873402,106.0742958,20,pm25,20.0,12.0,4.0,,,9.0,18.0,59.0,1016.0,1.5,10.0,,,2025-11-28 19:00:00,+07:00,1764356400,2025-11-28 12:22:14
7914,99.0,2025-11-24 20:43:16,7914,Honghe (红河州),https://aqicn.org/city/honghe,23.36313,103.374799,127,pm25,127.0,63.0,33.8,15.1,11.7,1.9,16.9,27.1,872.2,1.0,,0.7,,2025-11-28 19:00:00,+08:00,1764356400,2025-11-28 12:22:14
13253,63.0,2025-11-24 20:43:16,12961,"Bắc Ninh/TT Quan trắc - phường Suối Hoa - TP Bắc Ninh, Vietnam",https://aqicn.org/city/vietnam/bac-ninh/tt-quan-trac-phuong-suoi-hoa-tp-bac-ninh,21.1873402,106.0742958,20,pm25,20.0,12.0,4.0,,,9.0,18.0,59.0,1016.0,1.5,10.0,,,2025-11-28 19:00:00,+07:00,1764356400,2025-11-28 12:22:15
7026,91.0,2025-11-24 20:43:16,7026,"Jinjuzui, Foshan (佛山金桔咀)",https://aqicn.org/city/guangdong/fushan/jinjieju,22.819722,113.261667,74,pm25,74.0,59.0,28.1,17.0,3.6,4.6,19.0,29.0,1017.0,1.5,1.0,,,2025-11-28 19:00:00,+08:00,1764356400,2025-11-28 12:22:15
7221,76.0,2025-11-24 20:43:16,7221,"Jinghong City Jiangnan, Xishuangbanna (西双版纳州景洪市江南)",https://aqicn.org/city/china/xishuangbannazhou/jinghongshijiangnan,22.0019,100.7939,70,pm25,70.0,54.0,20.8,15.1,1.6,7.3,24.4,25.0,947.6,1.0,3.1,,,2025-11-28 19:00:00,+08:00,1764356400,2025-11-28 12:22:15
14335,85.0,2025-11-24 20:43:16,14335,"郁南城西,  (云浮市郁南城西)",https://aqicn.org/city/guangdong/yunfushi/yunanchengxi,23.232962,111.537261,57,pm10,55.0,57.0,11.0,30.7,4.1,4.6,20.5,28.1,1004.1,1.0,1.4,,,2025-11-28 19:00:00,+08:00,1764356400,2025-11-28 12:22:16
7206,93.0,2025-11-24 20:43:16,7206,"shì huánbǎo jú jiāng zhōu fēnjú, Chongzuo (崇左市环保局江州分局)",https://aqicn.org/city/china/chongzuo/shihuanbaojujiangzhoufenju,22.4137,107.3476,89,pm25,89.0,67.0,22.8,13.8,0.6,6.4,15.0,67.0,1016.0,0.5,9.0,,,2025-11-28 19:00:00,+08:00,1764356400,2025-11-28 12:22:16
14326,114.0,2025-11-24 20:43:16,14326,"高州教育,  (茂名市高州教育)",https://aqicn.org/city/guangdong/maomingshi/gaozhoujiaoyu,21.919196,110.86338,117,pm25,117.0,66.0,20.4,27.0,7.1,10.9,21.5,27.0,999.1,2.0,1.7,99.1,,2025-11-28 19:00:00,+08:00,1764356400,2025-11-28 12:22:16
14275,80.0,2025-11-24 20:43:16,14275,"横琴,  (珠海市横琴)",https://aqicn.org/city/guangdong/zhuhaishi/hengqin,22.1163,113.5433,99,pm25,99.0,67.0,38.6,16.5,4.1,2.8,17.5,61.0,1017.0,0.2,10.0,,,2025-11-28 19:00:00,+08:00,1764356400,2025-11-28 12:22:17
1625,70.0,2025-11-24 20:43:16,1625,"Puzi, Taiwan (朴子)",https://aqicn.org/city/taiwan/puzih,23.465308,120.24735,102,pm10,89.0,102.0,27.9,10.2,1.9,2.6,19.3,73.0,1016.0,2.7,15.0,,,2025-11-28 20:00:00,+08:00,1764360000,2025-11-28 12:22:17
14312,37.0,2025-11-24 20:43:16,14312,"惠来惠城,  (揭阳市惠来惠城)",https://aqicn.org/city/guangdong/jieyangshi/huilaihuicheng,23.036388,116.289722,95,pm25,95.0,81.0,49.2,10.6,3.1,4.6,18.0,59.0,1018.0,2.5,10.0,,,2025-11-28 19:00:00,+08:00,1764356400,2025-11-28 12:22:17
1661,78.0,2025-11-24 20:43:16,1661,"Mailiao, Taiwan (麥寮)",https://aqicn.org/city/taiwan/mailiao,23.753506,120.251825,99,pm10,95.0,99.0,30.8,7.4,2.0,2.2,20.3,70.0,1015.0,4.4,15.0,,,2025-11-28 20:00:00,+08:00,1764360000,2025-11-28 12:22:18
1621,70.0,2025-11-24 20:43:16,1621,"Nantou, Taiwan (南投)",https://aqicn.org/city/taiwan/nantou,23.913,120.685306,93,pm25,93.0,85.0,16.8,24.9,1.9,4.3,21.0,60.0,985.4,2.3,,,,2025-11-28 20:00:00,+08:00,1764360000,2025-11-28 12:22:19
1660,50.0,2025-11-24 20:43:16,1660,"Guanshan, Taiwan (關山)",https://aqicn.org/city/taiwan/guanshan,23.045083,121.161933,72,pm25,72.0,72.0,20.6,6.2,2.3,2.4,16.5,83.0,1017.5,1.6,15.0,,,2025-11-28 20:00:00,+08:00,1764360000,2025-11-28 12:22:19
1606,50.0,2025-11-24 20:43:16,1606,"Longtan, Taiwan (龍潭)",https://aqicn.org/city/taiwan/longtan,24.863869,121.21635,89,pm25,89.0,80.0,24.1,12.5,1.8,3.2,16.5,69.0,1017.0,1.8,13.0,,,2025-11-28 20:00:00,+08:00,1764360000,2025-11-28 12:22:20
14328,104.0,2025-11-24 20:43:16,4295,"Gaoling, Maoming (茂名高岭)",https://aqicn.org/city/guangdong/maoming/gaoling,21.6828,110.8592,117,pm10,102.0,117.0,30.5,20.2,6.6,6.4,21.5,27.0,999.1,2.0,1.7,99.1,,2025-11-28 19:00:00,+08:00,1764356400,2025-11-28 12:22:20
1653,65.0,2025-11-24 20:43:16,1653,"Zhushan, Taiwan (竹山)",https://aqicn.org/city/taiwan/jhushan,23.756389,120.677306,95,pm25,95.0,49.0,9.5,15.1,2.0,4.2,20.5,65.5,985.4,0.1,,,,2025-11-28 20:00:00,+08:00,1764360000,2025-11-28 12:22:20
1614,70.0,2025-11-24 20:43:16,1614,"Shalu, Taiwan (沙鹿)",https://aqicn.org/city/taiwan/shalu,24.225628,120.568794,91,pm10,89.0,91.0,21.2,16.4,1.2,3.3,18.0,67.0,1016.0,3.3,12.0,,,2025-11-28 20:00:00,+08:00,1764360000,2025-11-28 12:22:21
1643,82.0,2025-11-24 20:43:16,1643,"Pingtung, Taiwan (屏東)",https://aqicn.org/city/taiwan/pingtung,22.673081,120.488033,99,pm25,99.0,54.0,19.5,19.1,2.0,5.4,23.2,85.0,1015.0,0.4,17.3,,,2025-11-28 20:00:00,+08:00,1764360000,2025-11-28 12:22:21
1628,65.0,2025-11-24 20:43:16,1628,"Xinying, Taiwan (新營)",https://aqicn.org/city/taiwan/sinying,23.305633,120.31725,102,pm25,102.0,100.0,26.4,15.0,3.2,3.4,20.8,67.0,1016.0,0.7,15.0,,,2025-11-28 20:00:00,+08:00,1764360000,2025-11-28 12:22:21
2486,25.0,2025-11-24 20:43:16,2486,"Hirara, Miyakojima, Okinawa, Japan (平良宮古島市)",https://aqicn.org/city/japan/miyakojimashi/taira,24.8035377,125.2879675,63,pm25,63.0,40.0,38.4,1.0,,,20.0,68.0,1017.0,4.6,14.0,,,2025-11-28 20:00:00,+09:00,1764360000,2025-11-28 12:22:21
1646,38.0,2025-11-24 20:43:16,1646,"Taitung, Taiwan (台東)",https://aqicn.org/city/taiwan/taitung,22.755358,121.15045,80,pm25,80.0,77.0,25.5,7.2,0.2,2.6,19.6,67.0,1017.7,1.8,15.0,,,2025-11-28 20:00:00,+08:00,1764360000,2025-11-28 12:22:21
2481,,2025-11-24 20:43:16,2481,"Maezato, Ishigaki, Okinawa, Japan (石垣石垣市)",https://aqicn.org/city/japan/ishigakishi/ishigaki,24.3403337,124.1872098,59,pm25,59.0,,30.4,1.0,,,20.0,68.0,1017.0,6.1,14.0,,,2025-11-28 20:00:00,+09:00,1764360000,2025-11-28 12:22:22
1622,93.0,2025-11-24 20:43:16,1622,"Douliu, Taiwan (斗六)",https://aqicn.org/city/taiwan/douliou,23.711853,120.544994,134,pm25,134.0,107.0,21.4,17.0,2.2,3.6,20.3,63.0,985.4,1.1,,,,2025-11-28 20:00:00,+08:00,1764360000,2025-11-28 12:22:23
1610,68.0,2025-11-24 20:43:16,1610,"Toufen, Taiwan (頭份)",https://aqicn.org/city/taiwan/toufen,24.696969,120.898572,91,pm25,91.0,88.0,16.8,19.7,2.9,3.7,19.0,68.0,1017.0,6.9,13.0,,,2025-11-28 20:00:00,+08:00,1764360000,2025-11-28 12:22:23
1620,59.0,2025-11-24 20:43:16,1620,"Erlin, Taiwan (二林)",https://aqicn.org/city/taiwan/erlin,23.925175,120.409653,93,pm10,78.0,93.0,22.8,13.4,3.0,3.4,19.7,63.0,1016.0,3.2,12.0,,,2025-11-28 20:00:00,+08:00,1764360000,2025-11-28 12:22:24
1647,25.0,2025-11-24 20:43:16,1647,"Hualien, Taiwan (花蓮)",https://aqicn.org/city/taiwan/hualien,23.971306,121.599769,74,pm25,74.0,66.0,11.5,16.8,1.6,5.4,18.7,69.0,1018.6,2.3,,,,2025-11-28 20:00:00,+08:00,1764360000,2025-11-28 12:22:24
1632,74.0,2025-11-24 20:43:16,1632,"Meinong, Taiwan (美濃)",https://aqicn.org/city/taiwan/meinong,22.883583,120.530542,63,pm25,63.0,28.0,10.7,7.5,1.2,3.5,22.0,64.0,1016.0,2.5,15.0,,,2025-11-28 20:00:00,+08:00,1764360000,2025-11-28 12:22:25
12593,112.0,2025-11-24 20:43:16,12593,"Yun-Chia-Nan/Tainan City/Chengxili, Taiwan",https://aqicn.org/city/taiwan/yun-chia-nan/tainan-city/chengxili,23.0426,120.1547,119,pm25,119.0,103.0,40.8,6.5,2.2,4.6,22.0,64.0,1016.0,2.5,15.0,,,2025-11-28 20:00:00,+08:00,1764360000,2025-11-28 12:22:25
1611,65.0,2025-11-24 20:43:16,1611,"Miaoli, Taiwan (苗栗)",https://aqicn.org/city/taiwan/miaoli,24.565269,120.8202,85,pm25,85.0,84.0,14.7,21.4,3.9,4.0,18.5,62.0,1016.0,1.0,12.0,,,2025-11-28 20:00:00,+08:00,1764360000,2025-11-28 12:22:25
12618,147.0,2025-11-24 20:43:16,12618,"Kao-ping/CPC Linyuan Q1, Taiwan",https://aqicn.org/city/taiwan/kao-ping/cpc-linyuan-q1,22.48904,120.409161,89,pm25,89.0,,12.8,4.7,5.2,5.7,23.3,69.0,1013.0,1.5,17.0,,,2025-11-28 15:00:00,+08:00,1764342000,2025-11-28 12:22:25
12582,78.0,2025-11-24 20:43:16,12582,"Central/TaiChung City/Houli, Taiwan",https://aqicn.org/city/taiwan/central/taichung-city/houli,24.3074,120.7145,89,pm25,89.0,76.0,24.1,22.3,2.3,4.4,19.1,60.0,1016.0,1.0,12.0,,,2025-11-28 19:00:00,+08:00,1764356400,2025-11-28 12:22:25
1656,76.0,2025-11-24 20:43:16,1656,"Puli, Taiwan (埔里)",https://aqicn.org/city/taiwan/puli,23.968842,120.967903,85,pm25,85.0,39.0,9.6,15.0,1.8,4.9,18.6,84.0,985.4,0.5,,,,2025-11-28 20:00:00,+08:00,1764360000,2025-11-28 12:22:26
1627,68.0,2025-11-24 20:43:16,1627,"Chiayi, Taiwan (嘉義)",https://aqicn.org/city/taiwan/chiayi,23.462778,120.440833,119,pm25,119.0,109.0,17.8,22.2,3.8,5.8,21.4,64.0,1016.0,0.8,15.0,,,2025-11-28 20:00:00,+08:00,1764360000,2025-11-28 12:22:26
13260,153.0,2025-11-24 20:43:16,13260,"Kao-ping/CPC Dalin A1, Taiwan",https://aqicn.org/city/taiwan/kao-ping/cpc-dalin-a1,22.532316,120.336613,109,pm25,109.0,,6.4,16.7,3.6,21.5,20.5,84.0,1016.0,0.1,17.3,,,2025-11-28 19:00:00,+08:00,1764356400,2025-11-28 12:22:26
1638,117.0,2025-11-24 20:43:16,1638,"Nanzi, Taiwan (楠梓)",https://aqicn.org/city/taiwan/nanzih,22.733667,120.328289,122,pm25,122.0,89.0,8.8,32.7,2.9,6.5,22.3,73.0,1015.0,0.5,17.3,,,2025-11-28 20:00:00,+08:00,1764360000,2025-11-28 12:22:26
12594,55.0,2025-11-24 20:43:16,12594,"Yun-Chia-Nan/Tainan City/Nanxi, Taiwan",https://aqicn.org/city/taiwan/yun-chia-nan/tainan-city/nanxi,23.1771,120.4921,65,pm25,65.0,40.0,12.8,4.7,1.8,3.5,22.0,64.0,1016.0,2.5,15.0,,,2025-11-28 20:00:00,+08:00,1764360000,2025-11-28 12:22:27
1650,68.0,2025-11-24 20:43:16,1650,"Dongshan, Taiwan (冬山)",https://aqicn.org/city/taiwan/dongshan,24.632203,121.792928,85,pm25,85.0,74.0,9.6,14.6,1.6,2.0,17.4,79.0,1018.0,0.3,13.0,,,2025-11-28 20:00:00,+08:00,1764360000,2025-11-28 12:22:29
14646,42.0,2025-11-24 20:43:16,14646,"Hua-Tung/Taitung County/Fengli, Taiwan",https://aqicn.org/city/taiwan/hua-tung/taitung-county/fengli,22.73681667,121.12183611,74,pm25,74.0,70.0,32.8,3.8,0.8,2.7,19.6,67.0,1017.7,1.8,15.0,,,2025-11-28 20:00:00,+08:00,1764360000,2025-11-28 12:22:29
1645,50.0,2025-11-24 20:43:16,1645,"Hengchun, Taiwan (恆春)",https://aqicn.org/city/taiwan/hengchun,21.958069,120.788928,76,pm25,76.0,58.0,32.8,1.2,1.0,1.7,20.0,69.0,1015.0,5.3,17.3,,,2025-11-28 20:00:00,+08:00,1764360000,2025-11-28 12:22:31
